keyword,title,link,content
부동산 정책,"오세훈 ""부동산 정책, 거시경제 분석해 좀 더 정교하게""",https://www.newsis.com/view/NISX20250327_0003116022,"오세훈 서울시장이 토지거래허가구역 논란과 관련해 더 정교한부동산 정책을 펴겠다고 27일 밝혔다. 서울시에 따르면 오 시장은 이날 ""앞으로 토지거래허가구역을 포함한 주요부동산 정책추진 시 주택 시장과 거시 경제 동향을 체계적으로 분석해 정확한 판단과 예측으로 시민 경제와 일상을 좀 더 정교하게..."
부동산 정책,"우리금융 ""부동산 PF 시장 안정화 대응 방안 적극 추진""",https://www.yna.co.kr/view/AKR20250328127300002?input=1195m,"우리금융은 특히 저축은행 PF 대출 정리와 재구조화를 위해 추진하는 '저축은행업권 공동펀드' 참여를 검토하고 있다고 전했다. 우리금융은 ""향후부동산PF정책에 발맞춰 민간 자율사업 재구조화 등부동산시장 안정화에 적극적으로 참여할 예정""이라고 강조했다."
부동산 정책,“부동산으로 흘러간 대출 ‘2682조원’”… 절반은 가계대출,http://www.segye.com/newsView/20250327513865?OutUrl=naver,특히 가계부동산대출 중정책금융이 차지하는 비중은 지난 2020년 말 17.0%에서 지난해 말 23.7%까지 꾸준히 상승했다. 일반기업부동산담보대출 잔액은 지난해 말 기준 694조2000억원으로 집계됐다. 비주담대를 중심으로 큰 폭으로 늘면서 1년 전보다 11.3% 증가했다.부동산·건설업종 기업 대출은 1.8...
부동산 정책,"토허제 실책 수습 나선 서울시, 부동산 정책 조직 개편한다",http://www.edaily.co.kr/news/newspath.asp?newsid=04004886642107584,"(사진=서울시) 신선종 서울시 대변인은 이날 오후 공식 입장을 통해 “서울시는 토허구역 지정·해제와 같이 서울시민의 삶과 경제에 상당한 영향을 미칠 수 있는부동산 정책추진 시 사전 검증체계를 강화하고, 관련 조직의 전문성 보강을 주요 내용으로 하는 개선대책을 수립 중에 있다”고 했다. 세부..."
부동산 정책,"우리금융, 부동산PF 시장 안정화 지원…총 4개 펀드 2000억 출자",https://www.news1.kr/finance/general-finance/5735244,"우리금융 관계자는 ""부동산시장의 조속한 안정을 위한 지원정책을 계속 모색하는 중이다""며 ""향후부동산PF정책에 발맞춰 민간자율사업 재구조화 등부동산시장 안정화에 적극적으로 참여할 예정이다""고 밝혔다. 이밖에도 우리금융은 한국자산관리공사가 지난해 조성한 PF 부실 우려 사업장 재구조화..."
부동산 정책,"누구는 자가로, 누구는 월세로…사회 초년생 부동산도 양극화?",https://www.hankyung.com/article/2025032716497,"경제적 여력이 있는 청년들은 전세에서 자가로, 그렇지 못한 청년들은 전세에서 월세로 이동하며 양극화가 심해졌다는 의미다. 보고서는 다만 ""자가 소유 비율은 역대부동산 정책변화와 경제 상황이 복합적으로 작용한 결과""라며 ""해석에 주의할 필요가 있다""고 덧붙였다."
부동산 정책,"오세훈, 정책 실책 만회 나서… 시장 분석 전담 조직 설치",https://www.moneys.co.kr/article/2025032809063671159,"토지거래허가구역 확대 재지정 여파로 뭇매를 맞은 서울시가부동산 정책과 시장 동향을 분석하는 전담 조직을 신설한다. 서울시는 27일 공식 입장을 통해 ""토지거래허가구역 지정·해제와 같이 시민의 삶과 경제에 상당한 영향을 미칠 수 있는부동산 정책추진 시 사전 검증 체계를 강화한다""며 ""관련 조직의..."
부동산 정책,서울은 누르고 지방은 띄우고…혼돈의 부동산 시장[부릿지],http://news.mt.co.kr/mtview.php?no=2025032716355378557,"들썩이는 서울부동산시장과 침체된 지방부동산경기,정책들이 어떻게 영향을 미칠지 알아보겠습니다. 토허제 재지정 먼저 토허제 재지정입니다. 서울시가 지난달 풀었던 토허제를 약 35일만에 다시 지정하면서 지정범위를 넓혔습니다. 강남, 서초, 송파 즉 강남3구에다가 용산구까지 4개 구의 모든 아파트가..."
부동산 정책,"100억 한 채는 괜찮고...""너무 억울하다"" 40년간 변하지 않은 이것 [부동산 아토즈]",http://www.fnnews.com/news/202503281432139879,"부동산가격 상승 주범이자 '죄인'으로 분류되기도 한다. 취득세·종부세는 물론 양도세가 중과세 되는 것이 대표적인 예이다. 2주택 이상을 다주택자로... 이의 일환으로 국토연구원은 ‘다주택자 규제정책의 전환 필요성과 과제' 보고서를 발간 한 바 있다. 골자는 인구 및 자가 점유율, 지역 쇠퇴 상황을..."
부동산 정책,"“이제 떨어진다던 집값, 이게 무슨 일”...더 강하게 돌아온 부동산 규제, 효과는 글쎄 [부동산 이기자]",https://www.mk.co.kr/article/11271595,3.19부동산대책 쉽게보기 더 강하게 돌아온 ‘토허제’ 불붙던 거래는 줄겠지만 전셋값 상승·풍선효과 우려 그래도 집값 계속 오르면 조정대상... 이은형 대한건설정책연구원 연구위원 역시 비슷한 입장입니다. 이 연구위원은 “오는 9월까지 6개월 동안 토허구역을 지정하더라도 근본적인 문제가 남는다”며...
부동산 정책,[단독] 부동산 직거래 줄었지만 허위매물은 2년새 43% 급증,https://www.munhwa.com/news/view.html?no=2025032801070105238001,"28일 한국인터넷자율정책기구가 운영하는부동산매물 클린관리센터 통계를 살펴본 결과, 온라인에 올라온 허위매물은 지난해 2만1553건으로 2년 전인 2022년(1만5086건) 대비 42.86% 증가한 것으로 나타났다.부동산직거래가 감소세로 돌아섰음에도 사기 위험성은 커진 것이다. 국토교통부에 따르면..."
부동산 정책,"삼성 이재용·SK 곽노정, 시진핑 만났다…中 외국기업 정책 청취",https://biz.heraldcorp.com/article/10452840?ref=naver,"시 주석과 CEO들 간 회동은부동산위기와 투자·소비심리 약화, 외국인 투자 감소 와중에 도널드 트럼프 미국 행정부의 ‘관세 폭탄’에 직면한 중국이... 이어 2년 연속 중국발전포럼을 찾았다. 곽 사장은 작년 포럼에서 왕원타오 중국 상무부장을 만나 중국의 경영 환경 및정책변화 등을 논의한 바 있다."
부동산 정책,"황건일 금통위원 ""부동산이 통화정책 제약 않아야…정책공조 필요""",http://news.mt.co.kr/mtview.php?no=2025032706585827816,"황건일 한국은행 금융통화위원은 27일 ""부동산시장과 가계부채 상황이 경기 하방압력을 완화하기 위한 통화정책운용을 제약하지 않게 거시건전성 관리를 위한 긴밀한정책공조가 중요하다""고 밝혔다. 황 위원은 이날 한은이 발표한 '금융안정 상황' 보고서 주관위원 메시지에서 ""최근 서울 일부 지역의 빠른..."
부동산 정책,"우리금융, 부동산 PF시장 안정화 적극 지원",https://www.kfenews.co.kr/news/articleView.html?idxno=632912,"우리금융그룹 관계자는 ""우리금융은부동산시장의 조속한 안정을 위한 지원정책을 계속 모색하는 중""이라며 ""향후부동산PF정책에 발 맞춰 민간자율사업 재구조화 등부동산시장 안정화에 적극적으로 참여할 예정""이라고 말했다. 이외에도 2024년 한국자산관리공사가 조성한 PF 부실 우려 사업장..."
부동산 정책,"“억울한 빌라 주인들 구제”…서울시, 신통 현금청산자 140가구 분양권 받게 해줘[부동산360]",https://biz.heraldcorp.com/article/10452787?ref=naver,정비사업정책자문위원회의 열어 권리산정기준일 조정 동작구·중랑구·강북구 빌라 10개동 대상 다른 자치구들도 권리산정일 조정 신청 나설 듯 서울... 28일 서울시와 구청들에 따르면 시는 지난 19일 정비사업정책자문위원회의를 열고 동작구·중랑구·강북구 내에서 신통기획 선정 과정에서 현금청산을...
부동산 정책,"[아유경제_부동산] 서울시 ""부동산 정책 조직 개선 착수""",http://www.areyou.co.kr/news/articleView.html?idxno=88295,서울시가 이달 27일 토지거래허가구역 지정 및 해제 이후 전문성 보강을 위해부동산 정책관련 기존 조직을 전담 조직 등으로 확대 개편한다고 밝혔다. 다음은 서울시 성명 전문. 서울시는 토지거래허가구역 지정ㆍ해제와 같이 서울시민의 삶과 경제에 상당한 영향을 미칠 수 있는부동산 정책추진 시 사전...
부동산 정책,"우리금융, 부동산 PF시장 안정화 힘쓴다···저축은행업권 공동펀드 참여 검토",https://www.thereport.co.kr/news/articleView.html?idxno=61222,"우리금융 관계자는 ""부동산시장의 조속한 안정을 위한 지원정책을 계속 모색하고 있다""며 ""앞으로부동산PF정책에 발맞춰 민간자율사업 재구조화 등부동산시장 안정화에 적극적으로 참여하겠다""고 했다. 한편, 저축은행 PF대출 정리와 재구조화를 위해 추진하는 '저축은행업권 공동 펀드'에..."
부동산 정책,"'오쏘공' 집값대란에 서울시, 부동산정책 조직 손본다 … 전문성·소통↑",https://biz.newdaily.co.kr/site/data/html/2025/03/27/2025032700336.html,"뉴데일리 임정환 기자 = 토지거래허가구역(토허구역) 해제와 확대 재지정 과정에서 정책 판단 미스로 홍역을 치른 서울시가부동산정책조직을 개편한다고 27일 밝혔다. 신선종 시 대변인은 이날 성명서를 내고 ""오세훈 시장이 앞으로 토허구역 등 주요부동산정책추진 시 주택시장과 거시경제 동향을 체계적으로..."
부동산 정책,영어 조기교육보다 중요한 것은 금융‧부동산 교육[김현아의 시티라이프],https://economist.co.kr/article/view/ecn202503260021,"결국 중요한 것은 정보를 활용할 수 있는 능력, 즉부동산리터러시의 강화이다. 최근정책평가연구원이 출시한 ‘나라살림 게임’이 흥미롭다. 사용자가 기획재정부 장관이 돼 예산 편성과정책의 영향을 직접 체험하는 이 게임은, 재정 건전성 문제를 이해하고 그 중요성을 체험할 수 있게 돕는다. 만약..."
부동산 정책,"우리금융, 부동산 PF 시장 안정화 대응방안 추진",https://www.ceoscoredaily.com/page/view/2025032815205492562,우리금융 관계자는 “부동산시장의 조속한 안정을 위한 지원정책을 계속 모색하는 중”이라며 “향후부동산PF정책에 발맞춰 민간자율사업 재구조화 등부동산시장 안정화에 적극적으로 참여할 예정”이라고 말했다. 한편 우리금융은 저축은행 PF대출 정리 및 재구조화를 위해 추진하는...
부동산 정책,"[올댓차이나] 홍콩 증시, 美 관세정책·이익매물에 반락 마감…H주 0.82%↓",https://www.newsis.com/view/NISX20250328_0003118229,"홍콩 증시는 28일 미국 관세정책에 대한 우려와 이익확정 매물 출회로 3거래일 만에 반락 마감했다. 항셍지수는 이날 전일 대비 152.20 포인트... 18%, 복합기업주 청쿵 허치슨(CK),부동산주 헨더슨랜드 1.10%, 카오룽창 치업 0.94% 내렸다. 반면 실적 호조의 한썬제약은 6.55% 치솟고 의약품주..."
부동산 정책,"부동산경제포럼 ""2025 부동산 정책과 전망"" 오는 4일(금) 개최",https://www.apnews.kr/news/articleView.html?idxno=3032956,"다가오는 2025년 4월 4일(금) 오후 3시, 경상남도 사천시에서 부동산 분야의 주요 이슈와 향후 전망을 다루는 '2025부동산 정책과 전망' 강연회가 개최된다. 이번 강연회는 더갤러리하우스(주),법무법인해송, 동현회계법인, 주연도시미학이 주관하고, 인앤월드(주), (주)로뎀, 민우건축사사무소가 후원사로 참여해..."
부동산 정책,"우리금융그룹, 부동산 PF 시장 안정화 위한 대응방안 추진 선언",https://www.greened.kr/news/articleView.html?idxno=324938,"우리금융그룹 관계자는 ""우리금융은부동산시장의 조속한 안정을 위한 지원정책을 계속 모색하는 중""이라며 ""향후부동산PF정책에 발맞춰 민간자율사업 재구조화 등부동산시장 안정화에 적극적으로 참여할 예정""이라고 밝혔다. 이밖에도 우리금융그룹은 2024년 한국자산관리공사가 조성한 PF 부실..."
부동산 정책,[기고] 역사와 경험에 담긴 부동산 정책 성공 비법,https://www.meconomynews.com/news/articleView.html?idxno=110200,"통제와 억압으로는 부동산 문제 해결 어려워 여론 흐름만 따라서는 정치꾼에 불과할 뿐 [시장경제=권혁철 자유시장연구소 소장] 권혁철 자유시장연구소 소장 정부와 서울시의 최근의부동산 정책행보에 관해 논란이 한창이다. 국토교통부와 서울시는 2월 잠실, 삼성, 대치, 청담동 지역의 토지거래허가구역..."
부동산 정책,"한동훈, 오세훈 겨냥 ""우왕좌왕 부동산 정책은 국민 불안하게 해""",https://www.newsis.com/view/NISX20250320_0003106203,"스스로 뒤집은 것처럼, 우왕좌왕하는부동산 정책은 국민의 삶을 불안하게 한다""고 적었다. 이어 ""29번의 줄탄핵 못지 않게 국민의 삶에는 문재인 정부 28번의부동산정책이 위협적이었다는 사실을 기억해야 한다""며 ""서울시는 국민들의 고통과 혼란이 더 커지지 않도록 제대로 수습해 주길 바란다""고 했다．"
부동산 정책,한투證 “밸류업 정책 추진에 은행채·여전채 발행 수요 둔화 전망”,http://www.edaily.co.kr/news/newspath.asp?newsid=03614566642107912,우선 은행권은 위험가중자산 관리모드와 밸류업정책강화로 인해 은행채 발행 수요가 적을 것으로 내다봤다. 김 연구위원은 “4대 은행지주가 밸류업... 그는 “여전사 경영환경 측면에서도 카드사는 연체율이 상승하고 있고 캐피탈사는부동산프로젝트파이낸싱(PF) 정리작업이 아직 진행 중인 점도 여전업계...
부동산 정책,부동산 대출 작년 2681조… 가계 비중이 절반,https://www.donga.com/news/Economy/article/all/20250327/131298341/2,"특히 가계대출에서 서민, 신혼부부 등을 위한 주담대 상품인정책금융 비중이 2020년 말 17.0%에서 지난해 말 23.7%로 급증했다. 한은은 “주담대를 중심으로 가계부동산대출이 꾸준히 증가하는 등 일부 부문에서는 잠재 리스크 누적이 여전히 진행되고 있다”며 “부동산금융이 과도하게 확대되면..."
부동산 정책,"[전남소식]부동산원, 광주·전남 시장동향 간담회 등",https://www.newsis.com/view/NISX20250326_0003114793,"특히부동산시장에서 가장 공신력 있는 데이터를 제공하는 한국부동산원과 협력해 데이터 기반 시장분석과 정확한 시세 산정을 위한 구체적인 방안을 마련하는데 중점을 뒀다. ◇전남도, 생활공감정책참여단 104명 위촉 전남도가 26일 국립 목포대 남악캠퍼스에서 제10기 전남도 생활공감정책참여단..."
부동산 정책,부동산 둘러싼 혼란한 청기백기 게임 [기자수첩],https://news.mtn.co.kr/news-detail/2025032715072935780,"그러면서도 토허제 해제 당시에는 가격 급등기가 아니었고, 정상적인 거래를 활성화하고 매수·매도자 간 자유로운 거래를 촉진하기 위한 결정이었다고 말했는데요.정부와 서울시의 오락가락정책에부동산시장도 혼란이 불가피했습니다. 시행일(24일) 전까지 팔기 위해 시세보다 수억을 낮춘 급매물이..."
부동산 정책,"""손댈 때마다 문제"" 이재명도 절레절레…폭탄 된 부동산",https://www.hankyung.com/article/2025032574077,"◇부동산 정책, 내놓으면 지지율 하락? 리얼미터의 3월 2주차 여론조사에 따르면 조기 대선을 전제로 한 가상 양자 대결에서 오 시장은 25.6%를, 이재명 더불어민주당 대표는 51.8%를 기록했다. 한 달 전보다 오 시장은 3.4%포인트 내리고, 이 대표는 5.2%포인트 올랐다. 두 사람 간 격차는 17.6%포인트에서 26.6..."
임대차법,"""부작용에 시장 혼선""…임대차 2법 손질 나선 정부[주간 부동산 키워드]",https://www.newsis.com/view/NISX20250328_0003116963,"그러나법시행 이후 매물 감소와 전셋값 상승, 이중 가격 등의 문제가 불거졌다. 보고서에 따르면 서울 아파트 전셋값은임대차2법 도입 전에는 1년간 3.86% 올랐지만, 도입 후에는 1년 6개월간 8.13% 상승한 것으로 나타났다. 특히 신규 계약 시 4년치(2+2년) 임대료 인상분을 한꺼번에 받으려는 집주인들이..."
임대차법,"'2+2년' 대신 '2+1+1년'?…정부, 임대차2법 개편 논의 본격화",https://www.yna.co.kr/view/AKR20250326138000003?input=1195m,"임대차제도 개편 첫 토론회 열려…전문가 ""계약갱신권, 세입자에 오히려 불리"" 전문가 ""임대료 상승률 높아질수록 갱신권 사용 비율 하락"" 정부가임대차2법(계약갱신청구권·전월세상한제) 개편을 위한 공론화에 나선 가운데 국책 연구기관 연구자들이 계약갱신청구권이 도입 취지와 달리 세입자에게 오히려..."
임대차법,전세 10년 보장하자는 野…임대차2법 개편 '안갯속',https://www.wowtv.co.kr/NewsCenter/News/Read?articleId=A202503260284&t=NNv,"<앵커> 정부의 제도 개선 취지는 알겠는데,임대차제도는 이미 정치권의 뜨거운 이슈입니다.법개정이 필요한 사항인데, 당장 국회 다수당인 민주당이 동의하겠습니까? <기자> 더불어민주당은 정부의임대차2법 개정 움직임에 반발하고 있습니다. 진성준 민주당 정책위의장은 ""안착 단계에 들어간임대차..."
임대차법,전세시장 또 흔드나…국토부 ‘임대차 2법’ 공론화 논란,https://www.hani.co.kr/arti/economy/property/1188674.html,"정부가 현행임대차2법(계약갱신청구권·전·월세 상한제) 제도 개편을 위한 공론화에 나섰다. 시행착오를 거쳐 제도가 안착하는 가운데, 다시 제도 개편 시도에 나서는 셈이라 논란이 예상된다. 국토교통부는 오는 26일 세종 국토연구원에서 ‘임대차제도개선 토론회’가 열린다고 24일 밝혔다. 국토부가..."
임대차법,“전셋값 또 오를까 불안해요”…임대차 2법 개선 추진에 세입자들 ‘한숨’,https://www.mk.co.kr/article/11274861,임대차2법(계약갱신청구권·전월세상한제) 시행 5년을 맞아 정부가 제도 개편을 위한 움직임에 나섰다. 시장의 눈길이 쏠리는 가운데 임차인들 사이에서 전셋값 폭등이 재현될 수 있다는 우려가 커지고 있다. 27일 아파트·주택 업계에 따르면 지난 26일 오후 세종 국토연구원 강당에서는 국토교통부가임대차...
임대차법,"“전·월세 상한선 상향, 임대차 2법 보완 필요”",https://www.kmib.co.kr/article/view.asp?arcid=1742978476&code=11151500&cp=nv,다만법개정에 대한 신중론도 제기됐다. 토론회 패널로 나선 문윤상 한국개발연구원(KDI) 연구위원은 “임대차보호법은 초기 시장에 혼란을 줬지만 지난해 시장이 안정세를 보인 만큼 장기적 효과도 살펴야 한다”고 말했다. 이날 토론회는 도입 5년을 맞은임대차2법의 공과를 점검하고 제도 개선 방향을...
임대차법,"임대차 2법, 시행 5년 만에 수술대 오르나",https://biz.sbs.co.kr/article_hub/20000224589?division=NAVER,임대차2법(계약갱신청구권·전월세상한제) 시행 5년이 다가오는 가운데 정부가 제도 개편을 위한 공론화 작업을 시작합니다. 국토교통부는 26일 세종시 국토연구원에서 '임대차제도개선 토론회'를 개최한다고 25일 밝혔습니다. 국토부가 후원하고 국토연이 주최하는 토론회로 정부가임대차2법 개편 논의를...
임대차법,"'임대차2법' 폐지보단 유지…전문가 ""제도 유연성"" 한목소리",http://news.bizwatch.co.kr/article/real_estate/2025/03/27/0007,"2020년 7월 도입 후 5년차를 맞은 '임대차2법(계약갱신청구권 및 전월세 상한제)'에 대한 개선 움직임이 본격화했다. 전문가들은 당초 윤석열 대통령 대선... 통해 최대한 많은 의견을 청취하는 한편법개정이 필요한 만큼 정책방향 결정에서부터 입법 가능성을 염두에 두고 국회와 소통할 것""이라고 덧붙였다."
임대차법,"임대차2법 개편 논의…""5% 상한율 조정 등 유연성 강화해야""",http://www.yonhapnewstv.co.kr/MYH20250328060859762,"세입자 보호를 내세웠던임대차2법, 시행 5년차를 맞으며 개편 논의가 본격화되고 있습니다. 정부가 주최한 첫 토론회에서는 5% 상한율 조정 등 유연성 강화를 중심으로 개선 방향이 제시됐습니다. 김수강 기자입니다. [기자] 세입자의 주거 안정을 위해 도입된임대차2법. 2년 계약 후 한 차례 연장으로 최대..."
임대차법,"서천호, 수산업법 일부개정안 대표발의",https://www.gnnews.co.kr/news/articleView.html?idxno=607291,국민의힘 서천호(사천·남해·하동) 의원은 26일 업종별 수산업협동조합(이하 '업종별수협')이 소유하고 있는 어업권을 해당 조합원에게 행사하더라도임대차로 보지 않도록 예외를 인정하는 '수산업법' 일부개정안을 대표발의 했다고 밝혔다. 현행법은 어업권에 대해임대차의 목적으로 할 수 없도록 규정하고...
임대차법,[단독]서민 위한다던 임대차법… 시행뒤 가격변동성 3배↑,https://www.munhwa.com/news/view.html?no=2025032701071905238001,제정된 ‘임대차2법(계약갱신청구권·전월세상한제)’이 당초 의도와 달리 가격 변동성을 3배 키우는 부작용을 낳았다는 연구결과가 나왔다. 변동성... 27일 한국조세재정연구원이 발표한 ‘주택임대차보호법 개정이 주택시장에 미친 영향’에 따르면임대차2법에 따른 전월세 가격 변동성을 산출한 결과 약...
임대차법,임대차법 5년… “인상률 상한 손질 필요”,https://www.donga.com/news/Economy/article/all/20250327/131291610/2,"정부는 공론화 이후 정부안을 내놓을 방침인데,법개정이 필요해 정치 상황이 변수가 될 것으로 전망된다. 국토교통부는 26일 세종 국토연구원 사옥에서 ‘임대차제도 개선을 위한 전문가 토론회’를 열었다.임대차2법 제도 개선에 나선 건 제도 도입 후 전세 매물이 줄고 갱신 계약과 신규 계약 간 이중..."
임대차법,"이재명 ""'전세 10년' 임대차법 바람직하지 않아…당 입장도 아냐""",https://www.newsis.com/view/NISX20250317_0003101200,"이재명 더불어민주당 대표는 17일 임차인 거주기간을 최장 10년 보장하는 주택임대차보호법 개정안과 관련해 ""개인적으로 바람직하지 않다는 의견을 갖고 있다""고 말했다. 이 대표는 이날 오전 페이스북을 통해 ""전세 계약을 10년 보장하는임대차법개정의 경우 논의를 거친 당 공식 입장이 아니다""라고 말했다...."
임대차법,"임대차2법 개편 논의, 임대료 상한 10% 확대 방안 제시",https://www.jemin.com/news/articleView.html?idxno=792617,"사진출처: 연합뉴스 정부가임대차2법 개편을 위한 공론화 작업에 들어갔다. 5년 차 도입된 제도 폐지 시 예상되는 시장 혼란을 고려해 기존 제도의 '손질'에 방점을 두고 있다. 국토교통부는 26일 세종시에서 '임대차제도개선 토론회'를 주관하며, 국책 연구기관인..."
임대차법,'꼼수 임대차'로 아이파크몰 부당지원한 HDC…공정위 제재 절차 착수,https://www.hankyung.com/article/202503269213i,공정거래위원회가 ‘허위임대차’ 계약으로 부동산 계열사를 부당지원한 HDC그룹에 대해 제재 절차에 착수했다. 25일 관련업계에 따르면 공정위는 HDC가 부동산 개발 계열사 HDC아이파크몰을 부당 지원했다고 보고 최근 두 회사에 제재 의견을 담은 심사보고서를 발송했다. 심사보고서는법위반 사실이...
임대차법,버린 파지 맞춰보니…‘이중·삼중분양’에 ‘임대차 사기’까지? [취재후/빌라왕]②,https://news.kbs.co.kr/news/pc/view/view.do?ncd=8209896&ref=A,"■ 다 지은 건물에서도 '임대차사기'...보증금 못 받고 발만 동동 이중 분양과 분양사기는 모두 '선분양', 즉 건물을 짓기 전 분양 계약서를 쓴 후 공사를... B 씨/'임대차사기' 피해자 : ""빌라 입주자들이 거의 20~30대니까 부동산 계약을 잘 모르는 분들이 많고 또 대응하려면 다 돈인 거예요. 돈을 날려서 돈을..."
임대차법,"“전세인상률 상한제 유연 적용을”…정부, 임대차 2법 손질 나서나",https://www.donga.com/news/Economy/article/all/20250326/131288698/1,"정부는 공론화 이후 정부안을 내놓을 방침인데,법개정이 필요해 정치 상황이 변수가 될 것으로 전망된다. 국토교통부는 26일 세종 국토연구원 사옥에서 ‘임대차제도개선을 위한 전문가 토론회’를 열었다.임대차2법 제도 개선에 나선 건 제도 도입 후 전세 매물이 줄고 갱신 계약과 신규 계약 간 이중..."
임대차법,"이재명 “전세 10년 보장 임대차법, 黨 공식입장 아니다”",https://www.donga.com/news/Politics/article/all/20250318/131226211/2,더불어민주당 이재명 대표가 17일 전세 계약을 10년 보장하는 내용의 주택임대차보호법(임대차법) 개정을 추진하려는 당내 움직임에 대해 “개인적으로 바람직하지 않다는 의견”이라고 선을 그었다. 이 대표가 의장을 맡은 민주당 민생연석회의는 최근 20대 정책 의제를 발표하면서 임차인의 전세 계약을 최대...
임대차법,[굿모닝경제] 임대차 2+1+1로? / 1월 출생아증가율 최고 / 산불성금 160억,http://www.mbn.co.kr/pages/news/newsView.php?news_seq_no=5102873,"정부가임대차2법 개편 논의를 위한 첫 토론회를 열었습니다. 국책 연구기관 연구자들은 계약갱신청구권이 도입 취지와 달리 세입자에게 오히려 불리하게 작용하는 측면이 있다고 지적했습니다. 이에 따라 계약 기간을 '2+1+1년'으로 쪼개고, 임대료 인상 상한을 5%에서 10%로 올리는 방안 등이..."
임대차법,"정철원 전남 담양군수 후보, 이재종 '농지법 위반' 의혹 제기",https://www.polinews.co.kr/news/articleView.html?idxno=687308,"정 후보는 ""만약 이 후보가 실경작을 하지 않았다면 농지은행에 위탁하거나 농지은행을 통해임대차를 해야 한다""며 ""이에 대한 증빙도 함께 제출할 필요가 있다. 이러한 과정을 거치지 않았다면 농지법 위반에 해당된다""고 주장했다. 끝으로 ""공직후보는 누구보다도 높은 도덕적 기준을 요구받고 있다""며..."
임대차법,“업종별수협 소유 어업권 임대차 예외 추진”,http://www.knnews.co.kr/news/articleView.php?idxno=1456662,업종별 수산업협동조합(이하 ‘업종별수협’)이 소유하고 있는 어업권을 해당 조합원에게 행사하더라도임대차로 보지 않도록 예외를 인정하는 법안이 추진된다. 국민의힘 서천호(사천·남해·하동·사진) 의원은 25일 이같은 내용의 ‘수산업법’ 일부개정안을 대표발의했다. 현행법은 어업권에 대해임대차를 할...
임대차법,"""임대차계약 정산주기도 2배""…홈플러스, 미정산 리스크 키웠다",https://www.news1.kr/industry/distribution/5726272,"공정거래위원회는 홈플러스발 사태로 지적된 정산주기, 입점업체 계약 관련 불공정 거래 등을 들여다본다는 입장으로,임대차거래 정산주기도 검토 대상에 오를 전망이다. 23일 업계에 따르면 홈플러스의 경우임대차거래 정산일은 익월말로, 당월 판매 대금을 다음 달 말 정산하는 시스템이다. 미정산 시 두..."
임대차법,"[기고] 임대차 2법, 완전 페지가 답이다",https://www.meconomynews.com/news/articleView.html?idxno=110015,"이에 정부는 오는 26일 세종 국토연구원에서 '임대차제도 개선 토론회'를 개최하고법개편을 위한 공론화 작업을 본격적으로 시작한다. 토론회에서는 ▲임대료 인상 상한을 5%에서 10%로 조정하는 방안, ▲저가 주택에만법적용을 제한하는 방안, ▲계약갱신청구권과 임대료 상한제 적용 여부를 계약 당사자가..."
임대차법,"""이재명, 여론 나빠지니 발 빼""…與, '전세 10년 보장법' 맹폭",https://www.hankyung.com/article/2025031807867,"윤 원장은 ""5년 전 민주당의임대차법은 계약 기간을 2년에서 4년으로 늘리는 것이었다. 시장 평균이 3년이었으니 사실상 겨우 1년 늘리는 것이었는데도... 민생을 위한 논의 주제일 뿐, 추진하기로 한 과제가 아니라는 점을 분명히 밝힌다""며 ""특히 전세 계약을 10년 보장하는임대차법개정의 경우 논의를 거친..."
임대차법,세상에 없는 국가와 임대차 계약을…볼리비아 원주민 '당혹',https://www.hankyung.com/article/2025032429497,남미 볼리비아에서 원주민 부족들이 존재하지 않는 국가와 토지임대차계약을 체결하는 사건이 발생했다. 23일(현지시간) 볼리비아원주민연합(CIDOB)... 5배에 이르는 3900㎢ 규모 토지를 1000년간 사용할 수 있는 내용의임대차계약을 체결했다. 지상·지하에서 접근 가능한 자원에 대한 모든 권리를 넘기고...
임대차법,'전세 10년' 보장한다고?…전셋값 또 치솟을라 '불안' [이슈+],https://www.hankyung.com/article/2025031452606,"'임대차2법'(계약갱신청구권, 전·월세상한제)이 부동산임대차시장에 재차 파문을 일으키고 있다. 정부가 주택임대차보호법 완화를 추진하는 반면... 한 업계 관계자는 ""다수당인 더불어민주당과 정부가 대립을 거듭하면서 시장 불안만 키우고 있다""며 ""4년 동안 시장에 안착한 제도를법개정 가능성도 낮은..."
임대차법,"""임대차 2법 완화하자""는 정부…민주당은 ""전세 10년 보장""",http://news.mt.co.kr/mtview.php?no=2025031710520646358,"'임대차2법(계약갱신청구권, 전·월세상한제)'이 부동산 전세 시장의 뜨거운 감자다. 정부는 전세 재계약시 인상률 상한선을 기존 5%에서 10%로 올리는... 국토교통부는 최근 국토연구원의 '주택임대차제도개선 방안 연구' 최종 보고서를 공개했다. '2+2년' 계약 갱신 보장과 5%의 전월세 상한 요율을 10%로..."
임대차법,"[서미숙의 집수다] 임대차 2법, 시행 5년 만에 수술대 오르나…폐지보단 손질?",https://www.yna.co.kr/view/AKR20250313152000003?input=1195m,"다만 정부가 첫 단추를 끼우더라도 앞으로 개선안의 방향과법개정 전망은 불투명하다.임대차2법을 만든 더불어민주당이 다수당이고, 현재 민주당 일부 의원들은 전세 기간과 갱신권 사용 기간을 '3+3년' 또는 '2+2+2년'으로 강화하는 법안 발의를 검토 중이다. 탄핵 정국에 따른 조기 대선 여부는 향후 개정안의..."
임대차법,"서천호 국회의원, ‘수산업법’ 일부개정안 대표 발의",https://www.viva100.com/article/20250325501614,"서천호(국민의힘, 사천·남해·하동) 국회의원이 업종별 수산업협동조합(이하 ‘업종별수협’)이 소유하고 있는 어업권을 해당 조합원에게 행사하더라도임대차로 보지 않도록 예외를 인정하는 ‘수산업법’ 일부개정안을 대표 발의했다. 현행법은 어업권에 대해임대차의 목적으로 할 수 없도록 규정하고..."
임대차법,[경영지원단 상담사례] 이럴 땐 임대차 계약 '묵시적 갱신' 인정,http://www.kbiznews.co.kr/news/articleView.html?idxno=108488,"Q : 저(임차인)는 2014년 12월 19일에 상가에 대해 전 소유자와임대차계약을 처음으로 체결했고, 2022년 9월 현 소유자(임대인)에게 상가가 매도되기 전까지 특별한 문제 없이 사용해 왔습니다.임대차계약 만료일은 2022년 12월 18일이었고, 묵시적 갱신이 당연히 이뤄질 것으로 예상해 계약갱신을 요구한다는..."
전월세 상한제,전월세 상한율 ‘5%’ 상향될까…임대차2법 개편 공론화 착수,https://biz.heraldcorp.com/article/10450942?ref=naver,"그는 “전월세상한제를 보다 유연하게 적용해야 한다”며 “시장임대료가 50% 상승한 경우 상한을 25%를 두고 30% 상승한 경우 15% 오르는 식으로 시장상황을 반영할 수 있도록 하는게 어떻겠느냐”고 제시했다. [연합] 2020년 임대차2법 도입 당시, 모든 민간 주택 계약에 법을 ‘소급적용’ 시킨 정책결정이 혼란을..."
전월세 상한제,계약갱신·전월세상한제 존폐 기로...임대차2법. 제도개선 본격화,https://www.newspim.com/news/view/20250326000931,"임차인 보호·임대료 상승 억제의 두 마리 토끼를 모두 놓쳤다는 비판을 받아온 임대차 2법(계약갱신청구권·전월세상한제)이 존폐 기로에 섰다. 정부가 강력한 개선 의지를 보이는 가운데, 제도를 유지한다면 계약갱신청구권 활용 여부를 선택하거나 전월세 상한선을 유연하게 조정할 수 있도록 해야 한다는..."
전월세 상한제,"정부, 전월세 인상률 ‘5→10%로’ 손질 시동",https://www.sedaily.com/NewsView/2GQDD2L567,임대차 2법은 전월세 계약을 ‘2+2년’으로 연장하는 ‘계약갱신청구권’과 임대료 상승률을 5% 이내로 제한하는 ‘전월세상한제’를 통칭한다. 지난 2020년 당시 여당인 더불어민주당 주도로 개정돼 시행 5년째를 맞았다. 하지만 전월세 매물 잠김 현상과 가격 왜곡 문제점 등이 발생해 개선 필요성이 제기된 바...
전월세 상한제,"정부, 전월세 인상률 10%로 손질하나",https://www.sedaily.com/NewsView/2GQDRWLCJS,임대차 2법은 전월세 계약을 ‘2+2년’으로 연장하는 ‘계약갱신청구권’과 임대료 상승률을 5% 이내로 제한하는 ‘전월세상한제’를 통칭한다. 지난 2020년 당시 여당인 더불어민주당 주도로 개정돼 시행 5년째를 맞았다. 하지만 전월세 매물 잠김 현상과 가격 왜곡 문제점 등이 발생해 개선 필요성이 제기된 바...
전월세 상한제,[단독]서민 위한다던 임대차법… 시행뒤 가격변동성 3배↑,https://www.munhwa.com/news/view.html?no=2025032701071905238001,■ 조세재정연구원 연구 결과 계약갱신청구권·전월세상한제文정부 시행뒤 가격 들쭉날쭉 행운·불운 세입자로 극명 갈려 시장 예측 정확도도 떨어뜨려 문재인 정부에서 서민 주거안정을 위해 제정된 ‘임대차 2법(계약갱신청구권·전월세상한제)’이 당초 의도와 달리 가격 변동성을 3배 키우는 부작용을...
전월세 상한제,"“전세인상률 상한제 유연 적용을”…정부, 임대차 2법 손질 나서나",https://www.donga.com/news/Economy/article/all/20250326/131288698/1,정부에서 과감한 결단을 내려 바꿔야 한다.”(송경호 한국조세재정연구원 정부투자분석센터장) 정부가 2020년 도입 이후 5년이 지난 임대차 2법(계약갱신청구권·전월세상한제)을 시장 상황에 맞게 바꾸기 위한 공론화 작업에 나섰다. 시장 혼란을 줄이기 위해 폐지보다는 ‘손질’에 방점이 찍혔다. 정부는...
전월세 상한제,"'임대차법 설명 의무' 법안 두고 중개업계 볼멘 목소리 …""의무만 커져""",http://www.shinailbo.co.kr/news/articleView.html?idxno=2025226,개업 공인중개사가 임대차 계약 시 임차인에게 개정 계약갱신청구권제와전월세 상한제등 개정 임대차법에 관해 설명하는 것을 의무화하는 법안이 국회에 계류 중이다. 전세사기 여파가 여전한 가운데 임차인 보호를 강화하자는 취지다. 이를 두고 공인중개사업계에선 이미 개정 임대차법이 많은 국민에게...
전월세 상한제,"원하는 건 '전세', 현실은 '월세'… 이유가 뭘까",https://www.sisaweek.com/news/articleView.html?idxno=223102,"'임대차 2법'은 크게 계약갱신청구권제와전월세상한제로 구성되며, 세입자가 원하면 기존 2년 전세계약에 2년을 더 계약을 연장할 수 있다. 또한, 계약 갱신 시 임대료 인상을 5% 이내로 제한한다. 고하희 부연구위원은 ""임대인들 입장에선 4년 동안 묶여 있던 전세가가 이제야 풀린 것이고, 한 번 계약하면..."
전월세 상한제,"'임대차2법' 폐지보단 유지…전문가 ""제도 유연성"" 한목소리",http://news.bizwatch.co.kr/article/real_estate/2025/03/27/0007,"2020년 7월 도입 후 5년차를 맞은 '임대차 2법(계약갱신청구권 및전월세 상한제)'에 대한 개선 움직임이 본격화했다. 전문가들은 당초 윤석열 대통령 대선 공약이었던 법안 폐지보다는 임대료 인상률 상한 개선 등 '제도의 유연화'가 필요하다는데 의견을 모았다. 제도가 어느 정도 안착했고, 장기적인 영향분석도..."
전월세 상한제,"임대차2법 개편 논의…""5% 상한율 조정 등 유연성 강화해야""",http://www.yonhapnewstv.co.kr/MYH20250328060859762,"<송경호 / 한국조세재정연구원 연구위원> ""시장 상황에 맞춰서 (전월세상한제를) 좀 유연하게 변동할 수 있도록 제도를 개선하는 것이 어떨까 생각합니다. 예를 들어서 시장 임대료가 50% 상승한 경우엔 전월세 상한 25%…"" 패널들도 제도의 전면적인 폐지보다는 현실에 맞는 조정이 필요하다고 입을 모았습니다...."
전월세 상한제,"""주거·교육·연구 환경 개선""...소확행 3법 발의",https://www.pinpointnews.co.kr/news/articleView.html?idxno=327828,국회 교육위원회 정을호 의원(더불어민주당) 은 13일 국회 대학생 입법추진단이 제안한 법안을 보완해 ▲기숙사비 분할 납부를 명시하는 '고등교육법 일부개정법률안' ▲공인중개사가 계약갱신청구권과전월세 상한제를 의무적으로 설명하도록 하는 '공인중개사법 일부개정법률안' ▲우수 연구자 유출을...
전월세 상한제,"[부동산 인사이트]“폐지냐, 개편이냐”… 기로에 선 ‘임대차 2법’",https://www.asiatoday.co.kr/view.php?key=20250305010001491,"국토연구원, 제도 폐지 등 4개 대안 제시 정부, 계약갱신청구권·전월세상한제개편 착수 임대인 “시장 정상화” vs 임차인 “주거 불안 야기” 야당 반대 등 개편 때까지 난항 예상 ""폐지냐, 수정·보완이냐"". 올해로 시행 5년차를 맞은 주택 임대차 2법(계약갱신청구권·전월세상한제)이 존폐 기로에 섰다. 제도의..."
전월세 상한제,"""부작용에 시장 혼선""…임대차 2법 손질 나선 정부[주간 부동산 키워드]",https://www.newsis.com/view/NISX20250328_0003116963,"정부가 2020년 7월 도입된 '임대차 2법(계약갱신청구권·전월세상한제)' 개편을 위한 공론화 작업에 나섰다. 세입자를 보호하겠다는 입법 취지와는 달리 매물 감소와 전셋값 상승, 이중 가격 형성 등 부작용이 나타났기 때문이다. 29일 국토교통부가 공개한 '주택임대차 제도개선 방안 연구' 보고서에 따르면..."
전월세 상한제,"[서미숙의 집수다] 임대차 2법, 시행 5년 만에 수술대 오르나…폐지보단 손질?",https://www.yna.co.kr/view/AKR20250313152000003?input=1195m,"수요 많은 곳에 '선별 적용', 상한요율 10%로 인상 거론…정부, 조만간 공론화 폐기보다는 개선에 무게 두지만…조기 대선 등 변수 많아 향배 미지수 계약갱신요구권,전월세 상한제등 '임대차 2법' 시행이 올해로 5년 차를 맞은 가운데 제도 개선 논의가 급물살을 탈 전망이다. 2022년 5월 윤석열 정부 출범 이후..."
전월세 상한제,“전셋값 또 오를까 불안해요”…임대차 2법 개선 추진에 세입자들 ‘한숨’,https://www.mk.co.kr/article/11274861,임대차 2법(계약갱신청구권·전월세상한제) 시행 5년을 맞아 정부가 제도 개편을 위한 움직임에 나섰다. 시장의 눈길이 쏠리는 가운데 임차인들 사이에서 전셋값 폭등이 재현될 수 있다는 우려가 커지고 있다. 27일 아파트·주택 업계에 따르면 지난 26일 오후 세종 국토연구원 강당에서는 국토교통부가 임대차...
전월세 상한제,"“전·월세 상한선 상향, 임대차 2법 보완 필요”",https://www.kmib.co.kr/article/view.asp?arcid=1742978476&code=11151500&cp=nv,정부가 임대차 2법(계약갱신청구권·전월세상한제) 개편을 모색하는 가운데 국책연구기관인 국토연구원이 현재 5%인 전·월세 상한선을 물가·시장 상황을 반영해 유연하게 적용하자고 제안했다. 국토연구원은 ‘임대차 특별지역’을 지정해 지방자치단체별 자율 적용으로 바꾸는 안도 제시했다. 박진백...
전월세 상한제,"임대차 2법 개선안, 전월세 시장 '대대적 변화' 예고...전월세 상한선 10% 상향 유력",https://www.greened.kr/news/articleView.html?idxno=323154,정부가 2020년 도입된 임대차 2법(계약갱신청구권제·전월세상한제)의 문제점을 해소하기 위해 제도 개선을 검토하고 있다. 이에 따라 전월세 시장에 상당한 변동이 예상된다. 폐지·자율 운영·상한 조정 등 4가지 방안이 검토 중인 가운데 전문가들은 '전월세 상한선 10% 상향 조정'을 유력하게 보고 있다. 임대차...
전월세 상한제,[집잇슈]임대차2법 손본다는데…전월세신고제는?,http://news.bizwatch.co.kr/article/real_estate/2025/02/13/0039,2020년 7월 도입한 계약갱신청구권과전월세상한제를 폐지 또는 개선하는 내용이다. 그런데 이들 법안과 함께 '임대차 3법'으로 묶이는 전월세신고제는 이번 논의에서 빠졌다. 전월세신고제로 불리는 '주택 임대차 계약 신고제'는 2020년 8월 도입돼 2021년 6월부터 시행된 제도다. 정부는 올해 5월까지 과태료를...
전월세 상한제,2년 넘게 뭉개도 과태료 30만원?…‘전월세신고제’ 무력화되나,https://www.khan.co.kr/article/202502120600015,"문재인 정부 때 도입한 임대차 3법(전월세신고제·전월세상한제·계약갱신청구권제) 중 하나인 임대차거래 신고제도(전월세신고제)는 임대차 시장의 투명성을 높이고, 정보 비대칭을 극복해 임차인의 권리를 보호하려는 취지로 만들어졌다. 이에 따라 계약 당사자(임대인·임차인)는 계약 체결일로부터 30일..."
전월세 상한제,‘전월세 계약 미신고’ 과태료 깎아준다는 정부···‘임대차3법’ 무력화?,https://www.khan.co.kr/article/202502111100001,"문재인 정부 때 도입한 ‘임대차 3법(전월세신고제·전월세상한제·계약갱신청구권제)’ 중 하나인 임대차거래 신고제도(전월세신고제)는 임대차 시장의 투명성을 높이고, 임대인과 임차인 간의 정보 비대칭을 극복해 임차인의 권리를 보호하려는 취지로 만들어진 제도다. 이에 따라 계약 당사자(임대인..."
전월세 상한제,"""임차인 보호 명분 '전월세 상한제', 되레 임차인 내몰았다""",http://www.edaily.co.kr/news/newspath.asp?newsid=01662966639018152,"“임대차 3법 중 가장 큰 문제는전월세 상한제다. 인상률을 연 5%로 제한하니 임대인은 애초에 보증금을 높게 책정할 수밖에 없다. 이는 전세가 상승으로 이어지고, 결국 ‘전세대란’을 초래했다. 법이 오히려 임차인을 더 어려운 상황으로 몰아넣은 셈이다.” 이윤우 청백 공동법률사무소 변호사가 이데일리와..."
전월세 상한제,"[브릿지 칼럼] 전월세 상한제, 단계적 폐지 방안 마련해야",https://www.viva100.com/main/view.php?key=20240904010001157,"전월세 상한제, 단계적 폐지 방안 마련해야전월세 상한제가 도입된 지 4년이 지났다. 2020년 7월부터 시행된전월세 상한제는 임차인이 전월세 계약 갱신을 요구할 경우 전월세 가격 인상률을 5% 이내로 제한하는 제도다. 전월세 가격의 과도한 상승을 억제함으로써 임차인의 주거 안정을 도모하는데 그..."
전월세 상한제,“서울 전월세 가파르게 오를 것”...전문가 10명 중 9명이 입모았다는데,https://www.mk.co.kr/article/11196103,또 내년 주택 공급 부족과 함께 2020년에 도입된 계약갱신청구권과전월세상한제등 임대차 2법이 시행 후 4년이 초과했다는 점도 영향을 미칠 것으로 보인다. 2년 임차 계약 후 5% 상한의 임대료 인상률을 적용받은 임차인들의 추가 2년 거주가 끝나는 상황에서 임대인이 과거에 인상하지 못한 가격 상승분을...
전월세 상한제,"""서울 전월세 가파르게 오를것"" 92%",https://www.mk.co.kr/article/11196044,또 내년 주택 공급 부족과 함께 2020년에 도입된 계약갱신청구권과전월세상한제등 임대차 2법이 시행된 지 4년을 초과했다는 점도 영향을 미칠 것으로 보인다. 2년 임차 계약 후 5% 상한의 임대료 인상률을 적용받은 임차인들의 추가 2년 거주가 끝나는 상황에서 임대인이 과거에 인상하지 못한 가격 상승분을...
전월세 상한제,[시시비비]'2+2년' 주택 계약갱신청구권은 올바른 정책,https://view.asiae.co.kr/article/2024071516543977887,"2020년 7월 31일 도입된 계약갱신청구권과전월세상한제등 임대차2법이 이달 말이면 시행 4년을 맞는다. 계약갱신청구권(이하 갱신권)은 최초 2년 계약에서 1회에 한해 2년 재계약을 요구할 수 있는 임차인의 권리로, 계약갱신시 임대료 증액상한은 5%로 제한된다. 18대 국회 때인 2011년부터 국회에서..."
전월세 상한제,"“전월세상한제·계약갱신청구권, 전셋값 끌어올렸다”",https://www.mk.co.kr/article/11053372,계약갱신청구권과전월세상한제를 골자로 한 주택임대차보호법이 새로 계약하는 전세 가격을 10% 안팎으로 상승시켰다는 분석이 나왔다. 지난 27일 발간된 ‘재정포럼 6월호’에서 송경호 한국조세재정연구원 부연구위원은 모형을 바탕으로 임대차보호법 개정이 전세 가격에 미친 영향을 실증 분석한 결과...
전월세 상한제,"""전월세상한제·계약갱신청구권, 전셋값 상승시켰다""",https://biz.sbs.co.kr/article_hub/20000178557?division=NAVER,계약갱신청구권과전월세상한제를 골자로 한 주택임대차보호법의 시행이 새롭게 계약하는 전세 가격을 10% 내외 상승시켰다는 분석이 제기됐습니다. 한국조세재정연구원 송경호 부연구위원은 오늘(27일) 발간한 '재정포럼 6월호'에서 이런 내용의 '주택임대차보호법 개정이 주택시장에 미친 영향'을...
전월세 상한제,"심상찮은 전월세 시장, 탄핵 정국에 부동산 정책은 '시계제로'",http://theviewers.co.kr/View.aspx?No=3481962,정부는 당초 임대차 2법(계약갱신청구권·전월세 상한제)이 전월세 시장의 혼란을 불렀다며 폐지를 추진했다. 그러나 윤석열 대통령이 국회의 탄핵으로 직무 정지된 만큼 무산 가능성이 제기된다. 이와 더불어 공급 확대 기반을 마련하겠다며 밀었던 재건축초과이익환수제 폐지도 어려울 전망이다. 이은형...
전월세 상한제,대출 규제에 탄핵 변수 덮친 부동산… 2025년 전월세 시장 비상,http://www.segye.com/newsView/20241215507995?OutUrl=naver,"윤 대통령 탄핵소추안 국회 통과로 임대차 2법(계약갱신청구권,전월세 상한제) 전면 재검토나 재건축 초과이익 환수제 폐지 등과 같은 윤석열정부 주요 부동산 정책이 동력을 잃고, 시장이 짙은 안갯속으로 빠져들면서 상황을 관망하는 이들이 증가할 수밖에 없기 때문이다. 이로 인해 매수 대신 일단..."
전월세 상한제,"집값 약세, 전월세 강세? 건설·부동산 '탄핵 후폭풍' 4대 관전 포인트",https://ilyo.co.kr/?ac=article_view&entry_id=484223,이에 더해 윤석열 정부가 추진해 온 ‘임대차 2법(계약갱신청구권?전월세 상한제) 폐지’ 계획이 대통령 탄핵 확정으로 무산될 경우 1년 반 넘게 상승해 온 수도권 전셋값을 그대로 떠받치는 환경을 제공할 수 있다. 주택 개발?분양업계에서는 수도권 외곽과 지방에서 이어져 온 ‘분양 찬바람’이 탄핵 정국에...
종부세 개편,"한강벨트의 정치학…'상속세 개편' 치고 나간 이재명, '토허제' 후폭풍 맞은 오세훈 [최병천의 인사이트]",https://www.sisajournal.com/news/articleView.html?idxno=328305,2022년 대선에서종부세는 '한강벨트 초토화세(稅)'이자 동시에 '정권 교체 촉진세'로 작동했다. 상속세개편안은 민주당과 이재명 대표의 '진일보한 정책공학'을 보여준다. 무엇보다 유권자 타기팅이 감탄스럽다. 민주당의 상속세개편안은 면세 대상을 10억원 이하에서 18억원 이하로 바꾸는 것이다....
종부세 개편,"與, 지방 집에는 다주택 중과 폐지…""양도세·종부세·취득세 모두 적용""",http://news.mt.co.kr/mtview.php?no=2025031811171853244,"권 원내대표는 ""이 같은 세제개편이 수도권 주택 가격 상승을 초래하는 역효과를 미연에 방지하기 위해 두 번째부터 보유하는 주택이 수도권에 위치할... 국민의힘은 해당 세제혜택을 양도소득세와종부세, 취득세 등에 적용할 계획이다. 당초 정부는종부세와 취득세에 대해서 지방 주택 추가 매수시 세제혜택을..."
종부세 개편,"권성동 ""지방에 추가 주택 구입시 다주택자 중과세 폐지 등 세제 개편 논의""",http://www.enewstoday.co.kr/news/articleView.html?idxno=2251095,"권성동 국민의힘 원내대표는 18일 부동산 세제개편과 관련 지방에 추가 주택 구입 시 다주택자 중과세를 폐지하는 등 부동산 시장 정상화를 위한 제도... 권 원내대표는 ""문재인 정부의 기록적인 정책 실패 때문에종부세율 인상, 양도세·취득세 중과, 공시가 인상 등 다주택자에 대한 무차별적 조세폭격은..."
종부세 개편,"[단독] 국민의힘, 종부세 중과 폐지도 추진…정치권 ‘감세 주도권’ 전쟁",https://www.mk.co.kr/article/11260290,안도걸 민주당 의원은 “지금은종부세를 손댈 상황이 아닌 듯하다”며 “종부세규제 완화나 세금 인하가 이미 대폭 이뤄진 상황에서 중과세율 폐지는 부적절하다”고 말했다. 한편 상속세개편과 관련해 여야는 합의가 가능한 부분부터 먼저 처리할 것으로 보인다. 김상훈 국민의힘 정책위의장은 “기재위...
종부세 개편,홍준표 “종부세 폐지하고 재산세 현실화해야…재건축부담금도 폐지하자”,https://biz.heraldcorp.com/article/10444583?ref=naver,근데 집 한 채 있는데 왜종부세를 내느냐”며 “종합부동산세를 폐지하고 재산세 과표를 현실화해야 한다”고 주장했다. 그러면서 “지금 세금 구조가 잘못됐다”며 “그런 체제를 전부 (개편을) 해가지고 재산세를 올리면 된다”고 했다. 또 “부동산 거래도 좀 활발하게 할 수 있게 양도소득세를 완화하고...
종부세 개편,상속세 23년 만의 개편 논의… 중산층·기업 만족하는 묘수 찾나[홍희경의 탐구],https://www.seoul.co.kr/news/editOpinion/column/hhk_research/2025/03/06/20250306029001?wlog_tag3=naver,"상속세개편이 단순히 세수의 문제를 넘어 기업 지배구조와 경영 투명성, 나아가 국가 경제 전체에 악영향을 미친다는 우려는 이런 과정을 거쳐 나오게 됐다. #5.종부세표심, 상속세 표심에선 바뀔까 최근 들어 한국의 상속세는 이처럼 두 가지 면에서 한계를 드러냈다. 하나는 중산층의 부동산 상속, 다른..."
종부세 개편,[콕콕 절세전략] 75년 만의 상속세 개편 급물살?,https://biz.sbs.co.kr/article_hub/20000222452?division=NAVER,"상속세개편을 두고 여아가 접점을 찾아가면서 큰 변화가 생기는데요. 어떤 것들이 변하는지 자세하게 알아보겠습니다. 우리은행 WM영업전략부 김혜리... - 부동산 상속 시 취득세·종부세·양도소득세 등 과세 - 상속, 시가표준액 기준 과세…시가보다 약 30%↓ - 취득세율, 상속 주택 3.16%…무주택자는 0.96..."
종부세 개편,"[기고]주택 1채뿐인데, 종부세는 2주택만큼 낸다?",http://news.mt.co.kr/mtview.php?no=2025030409570779009,"[the L]화우 자산관리센터 전문가들이 말해주는 '상속·증여의 기술' 지난해 말 종합부동산세(종부세) 고지서를 받은 60대 박씨,종부세가 생각보다 많이... 국내외 기업의 법인세, 부가가치세 등 각종 조세 사건 이외에도 지주회사 전환, 분할, 사업양도 등 지배구조개편, 가업승계, 자산유동화, 해외투자 등과..."
종부세 개편,"""실거주 1주택 종부세 없애고 상속세 개편 재개해야""",https://www.sedaily.com/NewsView/2GOTS9UX0L,과감하게종부세를 없애야 한다”고 짚었다. 구 회장이 “국민 생활에 영향이 큰 재산세제 혁신이 가장 절실하다”고 강조했다. 그런 맥락에서 “상속·증여세의개편도 시급하다”고 말했다. 구 회장은 “지난해 국회에서 정치 세력 간의 이해가 엇갈려 상증세법은 전혀 손대지 못했다”며 “집 한 채만 있어도...
종부세 개편,120만명이 내던 주택 종부세 이젠 40만명대…개편 동력 살아날까,http://news.mt.co.kr/mtview.php?no=2024112614280523039,올해 세법개정안을 마련할 때종부세 개편안을 반영할지를 두고 막판까지 조율이 이뤄질 정도였다. 정부는 종부세가 어느 정도 '정상화'됐다고 판단하면서도 개편 여부를 두고 고심 중이다. 2022년 정점 찍고 급감한 종부세 대상자 종부세는 부동산 투기를 막기 위해 2005년 도입된 세금이다. 도입 초기부터...
종부세 개편,내달 종부세 납부 시작…추가 개편 이뤄질까,http://www.yonhapnewstv.co.kr/MYH20241112020400641/?input=1825m,윤석열 정부는 출범 이후종부세를개편하며 세 부담을 완화해왔는데요. 앞서 정부가종부세폐지 가능성까지 언급한 만큼 추가개편이 이뤄질지 주목됩니다. 김수강 기자입니다. [기자] 올해 서울 아파트 증여 비율이 7년 만에 최저 수준을 기록한 원인 중 하나론종부세부담 완화가 작용한 것으로 꼽힙니다....
종부세 개편,"최상목 ""종부세 전면 개편, 종합적으로 검토할 것""",https://www.dnews.co.kr/uhtml/view.jsp?idxno=202409101058528060858,"앞서 국민의힘 추경호 원내대표는 지난 5일 국회 교섭단체 대표연설에서종부세와 관련해 “부담을 더 낮추는 방향으로개편하겠다”며 1가구 1주택 공제를 12억원에서 15억원으로개편하고, 다주택자 중과 제도를 폐지하는 방안 등을 언급했다. 이어, 상속세 부과 체계 유산취득세개편시 일괄공제 폐지에 대해..."
종부세 개편,"추경호, ‘민생 협치’ 촉구...“상속세·종부세 개편 추진”",https://www.dnews.co.kr/uhtml/view.jsp?idxno=202409051225419280143,"그는 “중산층의 과도한 세금 부담을 덜어주기 위한 세제개편을 추진할 것”이라며 “종부세는 현 정부 출범 이후 일부 개선했지만 부담을 더 낮추는 방향으로개편하겠다”고 설명했다. 1가구 1주택 공제 상한을 12억원에서 15억원으로개편하고, 다주택자 중과 제도를 폐지하는 방안도 밝혔다. 상속세 완화에..."
종부세 개편,"秋 ""상속세, 유산취득세로 개편…종부세 기준은 15억으로 상향""",https://www.hankyung.com/article/2024090507741,"내년까지 상속세 부과 체계를 유산취득세로개편하고, 1주택자의종부세기준을 12억원에서 15억원으로 상향하겠다고 했다. 추 원내대표는 이날 “중산층의 과도한 세금 부담을 덜어주겠다”며 이같이 말했다. 상속세에 관해 추 원내대표는 “최고 세율을 낮추고, 공제를 확대하고, 최대주주 할증 과세는..."
종부세 개편,[기획] 고금리 및 종부세 완화에 50~60대 주택 보유 증가,http://www.m-i.kr/news/articleView.html?idxno=1180326,고금리와 종합부동산세 완화로 50~60대의 주택 보유가 증가하고 윤석열 정부의종부세 개편과 세부담 완화 정책으로 다주택자 수가 늘어난 반면 대출규제로 2030대의 주택 매입은 위축되며 주택 시장의 양극화가 심화되고 있다. 서울 도심 아파트 전경 모습. 사진=연합뉴스 제공 매일일보 = 최한결 기자...
종부세 개편,[최병천의 21세기 진보]종부세 개편의 4가지 방향,https://www.khan.co.kr/opinion/column/article/202408152029015,"이재명 대표가 실제로종부세 개편을 할지는 더 두고 볼 일이다. 실제로 해낸다면, ‘리더십’으로 인정받게 될 것이다. 현행 종부세가 왜 문제인지부터 짚고 넘어가자. 한국 종부세는 정책 목표가 지나치게 혼재되어 있다. ①보유세 ②부유세 ③부동산 가격 상승 억제세 ④다주택자 규제세..."
종부세 개편,"민주당, 상속세 완화 속도낸다…금투세·종부세 개편도 관심",https://www.imaeil.com/page/view/2024082217283724256,이에 금융투자소득세(금투세)와 종합부동산세(종부세)의개편가능성도 관심이 쏠린다. 22일 민주당에 따르면 국세청 차장 출신인 임광현 의원이 최근 상속세 일괄공제액과 배우자 상속공제 최저한도 금액을 높이는 상속세 및 증여세법 개정안을 대표 발의했다. 개정안은 상속세 일괄공제액을 현행 5억원에서...
종부세 개편,[이코노미 플러스]부동산시장 불안 고려했나… 종부세 개편 막판 무산,https://www.kwnews.co.kr/page/view/2024072909145714766,최종 검토 과정에서종부세 개편이 제외된 것은 최근 서울을 중심으로 나타나고 있는 집값 상승 등 부동산시장 상황과 무관치 않아 보인다. 기획재정부가 지난 25일 세제발전심의위원회에서 확정한 ‘2024년 세법개정안’에는 종부세 개정이 제외됐다. 종부세의 개편 수위는 상속세와 함께 올해...
종부세 개편,‘종부세 개편’ 왜 빠졌나했더니…서울 집값 상승이 발목,https://news.heraldcorp.com/view.php?ud=20240726050418,최종 검토 과정에서종부세 개편이 제외된 것은 최근 서울을 중심으로 나타나고 있는 집값 상승 등 부동산시장 상황과 무관치 않아 보인다. 기획재정부가 25일 세제발전심의위원회에서 확정한 ‘2024년 세법개정안’에는 종부세 개정이 제외됐다. 종부세의 개편 수위는 상속세와 함께 올해 세법개정안의 양대...
종부세 개편,"정부, '자녀공제 5억씩' 상속세 25년만에 전면개편…종부세는 '보류'",https://www.pennmike.com/news/articleView.html?idxno=85049,"최 부총리는 '부동산시장을 고려한 것 아니냐'는 질문에 ""종부세는 근본적인개편이 필요하고, 지방세에 미치는 영향 또는 재산세와의 관계 등의 고민이 필요하기에 이번엔 담지 않았다""고 설명했다. ◆ 가상자산 소득과세 '유예' 내년부터 시행되는 '가상자산 투자소득 과세'는 2년 유예하는 쪽으로..."
종부세 개편,종부세 개편은 제외…세수 펑크 전망 속 '부자 감세' 논란 예고,https://news.sbs.co.kr/news/endPage.do?news_id=N1007737524&plink=ORI&cooper=NAVER,"<기자> 지난주 배포된 세법개정안 사전 안내자료에는 상속세와 함께종부세 개편도 포함돼 있었습니다. 그런데, 최종 발표에서는 빠졌습니다. [최상목/경제부총리 : 종부세 부담을 낮추기 위한 많은 노력이 있었습니다. 전반적으로 근본적인 개편이 필요하다는 지적이 더 컸다고 생각하고 있습니다.]..."
종부세 개편,“서울 집값 상승 더 부추길라”… 종부세 개편 왜 빠졌나 [2024 세법 개정안],http://www.segye.com/newsView/20240725517277?OutUrl=naver,세법 개정 논의 과정에서 상속세와 함께 가장 큰 쟁점이었던종부세 개편안이 개정안에 결국 들어가지 않은 가장 큰 이유로 최근 서울을 중심으로 급변동 중인 집값이 꼽힌다. 기준금리 인하 기대감 등만으로도 시장 참여자가 급증해 집값을 전고점 수준까지 밀어올린 상황에 ‘부동산 감세’ 시그널까지...
종부세 개편,꿈틀대는 서울 집값에 결국…막판 무산된 종부세 개편 [2024 세법개정안],https://www.hankyung.com/article/202407246645i,최근 서울을 중심으로 집값이 빠르게 상승하고 있는 상황에서종부세 개편이 집값 상승을 부채질할 수 있다는 우려에 따라 당초 계획을 접었다는 분석이 나온다. 기획재정부는 25일 서울 명동 은행회관에서 세제발전심의위원회를 열고종부세 개편방안이 제외된 ‘2024년 세법 개정안’을 확정했다. 최상목...
종부세 개편,"최상목 ""상속세 자녀공제 올리면 일괄공제 상승 효과…종부세 근본 개편""[일문일답]",https://www.newsis.com/view/NISX20240725_0002824624,""" -종부세 개편이 담기지 않은 이유는. ""(최상목 부총리)윤석열 정부 들어서서 종부세에 대해서는 여러 가지 노력으로 종부세 부담을 낮추기 위한 많은 노력이 있었지만, 아직도 개선해야 될 사항이 지적되고 있다. 전반적으로 근본적인 개편을 하려다 보면 지방재정에 미치는 영향이라든지, 그다음에 재산세와의..."
종부세 개편,[2024 세법개정안] 대대적 개편 없었다…종부세 폐지·유산취득세 도입 무산,https://www.ajunews.com/view/20240725150023608,대통령실·기재부 공감대에도종부세 개편미완 아주경제=김성서 기자 biblekim@ajunews.com 서울 강남구에서 바라본 도심 전경. [사진=유대길 기자] 정부가 개편을 예고했던 종합부동산세가 올해 세법개정안에 담기지 않았다. 기획재정부는 종부세의 근본적인 개편을 위해 이번 개정안에서 제외됐다는 입장이지만...
종부세 개편,정부 종부세 개편 움직임에 경실련 반대 성명,http://www.kookje.co.kr/news2011/asp/newsbody.asp?code=0300&key=20240723.99099007132,이들은종부세 개편이 지역균형발전에 역행한다며 즉각 중단을 촉구했다. 부산경제정의실천시민연합(경실련)을 비롯한 전국 경실련은 23일 오전 ‘정부와 정치권은 종부세 폐지 시도를 즉각 중단하라’는 취지의 공동성명을 발표했다. 이들은 이달 말 발표 예정인 내년 세제 개편안에서 종부세 과세 기준...
종부세 개편,중도 러브콜? 대권플랜? 이재명 종부세 전면 개편 카드 꺼내든 속내는,http://www.ilyoseoul.co.kr/news/articleView.html?idxno=490751,"그는종부세 개편에 대해선 ""이미 2022년에 부과 기준금액을 12억 원으로 올린 바 있다""며 ""여기서 더 나아가 폐지하자는 얘기가 나오는 것은 곤란하다""고 했고, 금투세의 경우도 ""2023년부터 시행하기로 여야가 합의했던 사안으로, 대부분의 개미 투자자에게는 금투세가 적용되지 않는다""고 주장했다. 같은 날..."
종부세 개편,세수 5년간 18조 감소… ‘종부세 개편’ 빠져,https://www.donga.com/news/Economy/article/all/20240726/126123998/2,하지만 22일 내놓은 최종 세법 개정안에는종부세 개편방안이 빠져 있었다. 이를 두고 정부 안팎에서는 최근 서울 집값이 들썩이는 가운데 종부세까지 완화하면 부동산 가격 상승을 더욱 부채질할 수 있다는 우려가 작용한 것 아니냐는 해석이 나온다. 정정훈 기재부 세제실장은 “종부세를 어떻게 끌고 갈...
종부세 개편,여야 협치…금투세·종부세 등 세제 개편에서 시작하라,https://www.newspim.com/news/view/20240827000836,이 맥락에서 종합부동산세 개정이나 금융투자소득세 등 세제개편에 대한 논의를 여야 협치(協治)의 출발선으로 삼는 것을 고려해 볼 만하다. 이 대표는... 민주당의 오랜 금기였던종부세에 대해서 1주택자에 한해 완화나 면제 등을 언급했으며 금투세에 대해서는 2차 유예(2022년 말 1차 2년 유예) 또는 보완...
종부세 개편,결국 빠진 종부세 개편... 가상자산 소득과세는 2년 더 유예,https://www.hankookilbo.com/News/Read/A2024072513280003304?did=NA,올해 세법개정안의 핵심 중 하나로 꼽혔던 종합부동산세(종부세)개편이 결국 빠졌다. 당정이 직전까지 개편에 머리를 맞댔지만 시장 과열을 부추길 수 있다는 신중론에 힘이 실린 것이다. 가상자산 소득과세는 2년 더 유예한다. 기획재정부는 25일 이 같은 내용이 담긴 ‘2024년 세법개정안’을 확정했다....
청약 제도,“아이 낳은 가정에 집 먼저 줍니다”…이달 말부터 청약 규칙 변경,http://www.segye.com/newsView/20250326518749?OutUrl=naver,"26일 정부가 발표한 이번 제도는 출산율 반전을 위한 주거지원 대책의 일환으로,청약 제도의 핵심적인 변화를 담고 있다. 지난해 6월 정부가 발표한 ‘저출생 추세 반전을 위한 대책’의 후속 조치다. 우선 공공분양 관련 기존엔 전체 물량의 20%가 ‘신생아 특별공급’이었는데 일반공급(전체의 30%) 중 50%도..."
청약 제도,아이 있으면 청약 당첨 쉬워진다…청약 시장 변화 예고,http://www.inews24.com/view/1828096,"전문가들은 신생아가 있는 가구에 유리하도록청약 제도가 바뀌고 있는 만큼 청약에 나서는 30대 이하 연령대가 더 늘어날 수 있을 것으로 보고 있다. 높은 분양가는 여전해도 당첨 확률이 높아진 탓이다. 송승현 도시와경제 대표는 ""이번 제도 개선은 청년층 주택 매입 과정에서 저출산 문제를 해결에..."
청약 제도,[THE FINANCE] `인서울` 로또청약 막차 잡아볼까,https://www.dt.co.kr/contents.html?article_no=2025032702101863079001&ref=naver,"투기방지 다가오는 5월 무순위청약제도전면개편 무주택 실수요자 공급… 투기 방지 부양가족 실거주 확인 등 절차 강화 경쟁률 최대 60%가량 낮아질 전망 지방 미분양 우려 '사회적 합의' 필요 완판 앞둔 중랑 '더샵 퍼스트월드 서울' 노원 '서울원 아이파크' 등 노려볼 만 '줍줍', '로또 청약'으로 불리던..."
청약 제도,무순위 청약 문턱 높아진다… '용인 에버랜드역 칸타빌' 마지막 기회,http://www.ikld.kr/news/articleView.html?idxno=310430,"청약 통장이 없어도 만 19세 이상이면 신청 가능한 무순위 청약으로 공급됐으며, 최근 강화가 예고된 무순위청약 제도개편 전 마지막 기회 중 하나로 꼽히고 있다. 용인이 수도권 분양 시장에서 두각을 나타내는 배경에는 반도체 클러스터 조성이라는 확실한 성장 모멘텀이 있다. SK하이닉스는 처인구..."
청약 제도,신생아 가구 청약 기회 대폭 확대…이달 31일부터 시행,https://www.rcast.co.kr/news/articleView.html?idxno=27393,이번 개정안은 지난해 6월 정부가 발표한 '저출생 추세 반전을 위한 주거지원 대책'의 일환이며 당시 제시됐던청약제도개선안이 시행되는 것이다. 2세 미만 자녀 둔 가구 일반공급 확대 2세 미만 자녀(태아 포함)를 둔 신생아 가구에 대한 우선 배정 물량이 대폭 확대된다. 공공분양(뉴:홈)의 경우 기존의 특별...
청약 제도,"무순위 청약 규제 앞두고… 반도체로 활기 띠는 용인, '에버랜드역 칸타빌' 주목",https://www.econovill.com/news/articleView.html?idxno=689406,"청약 통장이 없어도 만 19세 이상이면 신청 가능한 무순위 청약으로 공급됐으며, 최근 강화가 예고된 무순위청약 제도개편 전 마지막 기회 중 하나로 꼽히고 있다. 용인이 수도권 분양 시장에서 두각을 나타내는 배경에는 반도체 클러스터 조성이라는 확실한 성장 모멘텀이 있다. SK하이닉스는 처인구 원삼면..."
청약 제도,무순위 청약 개편 전에…‘용인 에버랜드역 칸타빌’ 막바지 줍줍 기회,https://www.etoday.co.kr/news/view/2454452,"국토교통부는 무순위청약 제도를 실수요자 중심으로 개편할 계획이라고 밝혔다. 현재는 청약 통장이 없어도 신청할 수 있고, 주택 보유 여부와 관계없이 누구나 지원 가능해 일부 인기 단지에서는 경쟁이 치열했다. 하지만 개편 이후에는 유주택자의 신청이 불가능해지고, 거주 요건이 강화되면서 무순위..."
청약 제도,"""줍줍 막차 타자""…수원 '3억 로또' 2가구에 16만명 몰려",https://www.newsis.com/view/NISX20250305_0003086419,"정부가 '로또 청약' '줍줍' 논란이 있는 무순위청약 제도개편을 추진하는 가운데 2~3억원대 시세차익이 기대되는 경기 수원시 무순위 청약 2가구에 16만명이 몰렸다. 5일 한국부동산원 청약홈에 따르면, 경기 수원시 '북수원자이 렉스비아' 무순위 청약 2가구에 대해 지난 4일 진행된 무순위 청약에..."
청약 제도,달라진 IPO 시장…공모주 청약 기대감 커져,https://www.kfenews.co.kr/news/articleView.html?idxno=632491,"상장 당일 공모가를 웃도는 경우가 많아지면서 공모주청약참여로 수익을 기대할 수 있는 환경이 조성됐다는 점은 긍정적이지만, 전문가들은 신중한 종목 선별을 당부했다. 아울러, 오는 7월부터 주관사의 역할과 책임을 강화하는 IPO제도개선안이 시행된다는 점도 변수가 될 수 있다고 조언했다. 조대형..."
청약 제도,"[청경체] 청소년 청약통장, 똑똑하게 준비하려면?",http://news.ebs.co.kr/ebsnews/allView/60578598/N,청약 제도에서 당첨을 통해서 살 수 있는 아파트 우리가 크게 두 종류로 나눌 수가 있는데요. 공공 아파트와 민영 아파트입니다. 공공 아파트를 분양하는 공공 분양에서는 1회당 인정되는 최대 금액이 25만 원입니다. 최대 인정 금액을 하나의 박스라고 가정을 한다면 이 박스에는 1만 원짜리의 지폐를 최대...
청약 제도,"‘깜깜이’ 우리사주 실권주 배정, 공모주 청약 혼선 야기",https://www.hankyung.com/article/202503132459r,금융당국은제도개편을 통해 일반청약물량이 20%에서 25%로 늘렸다. 추가로 우리사주조합에서 실권주가 발생하면 모집주식 수의 5%에 해당하는 물량까지 일반청약물량으로 배정할 수 있도록 해 최대 30%까지 가능해졌다. 기존에는 우리사주 실권주는 기관투자가에 배정했다. 당시 ‘따상’ ‘따따상’ 등으로...
청약 제도,'줍줍' 청약 개편 앞두고…파주운정 1가구 모집에 1만6000명 몰려,https://www.newsis.com/view/NISX20250306_0003088126,"정부가 '로또 청약' '줍줍' 논란이 있는 무순위청약 제도개편을 추진하는 가운데 1~2억원대 시세차익이 기대되는 운정신도시 무순위 청약에 1만6000여명이 몰렸다. 6일 한국부동산원 청약홈에 따르면, 지난 4일 경기 파주시 목동동 '파주운정 경남아너스빌 디원'(A18블록) 무순위 청약 1가구 모집에 총..."
청약 제도,'로또청약' '줍줍' 이제는 옛말 될까…'무순위 청약'[주간 부동산 키워드],https://www.newsis.com/view/NISX20250307_0003090480,무순위청약 제도개편 전 '줍줍 막차'를 타려는 움직임도 나타나고 있다. 경기 수원시 정자동 '북수원자이 렉스비아' 전용 59·84㎡ 2가구에 대해 지난 4일 진행된 무순위 청약에 총 16만4369명이 신청했다. 경기 파주시 목동동 '파주운정 경남아너스빌 디원'(A18블록) 무순위 청약 전용 84㎡ 1가구 모집에는 총...
청약 제도,"[이슈분석] ""청약통장 쓸 곳이 없네""...'역대급' 수도권 공급 가뭄",https://www.pinpointnews.co.kr/news/articleView.html?idxno=331385,"26일 한국부동산원청약홈에 따르면, 올해 들어 서울에서 분양한 아파트 단지는 단 1곳에 그쳤다. 해당 단지는 지난달 초 분양한 서울 서초구 방배동... 재초환은 재건축으로 인해 발생한 조합원의 이익에서 공사비와 자연스러운 집값 상승분을 뺀 나머지 금액을 부담금으로 환수하는제도다. 지난 2006년..."
청약 제도,"청약통장 해지 늘었지만 여전히 매력적...""젊은층 특공 노려야""",https://www.newspim.com/news/view/20250321000666,전문가들은제도가 바뀌면서 혜택이 늘어난 데다 부동산 시장 변동을 대비해청약통장 해지는 신중할 필요가 있다고 입을 모은다. 가입기간에 따라청약가점이 부여되는 만큼 당장 여력이 부족하다면 납입을 중단하더라도 가능한 한 유지하는게 유리하다는 조언이 나온다. 고분양가가 지속되면서...
청약 제도,제도 개선 전 마지막 줍줍 눈길… 개선책 효과 볼까,https://www.daejonilbo.com/news/articleView.html?idxno=2188940,"정부는제도손질을 통해청약경쟁 과열 현상을 막고 실수요자 혜택이 늘어날 것으로 보고 있지만, 일부에선 증가세에 놓인 지역 악성 미분양이 더욱 증가할 수 있다는 우려도 나온다. 11일 지역 부동산 업계에 따르면 갑천2 트리풀시티 엘리프 민간참여형 공공분양주택은 12일 특별공급과 무순위청약을..."
청약 제도,무순위 청약 열기 뜨겁다...“줍줍 막차 타자” 수만 명씩 인산인해 [김경민의 부동산NOW],https://www.mk.co.kr/article/11270000,"정부 규제도영향을 미쳤다. 정부는 무순위청약신청 자격을 무주택자로 제한하고, 지자체장이 거주 요건을 설정할 수 있도록 하는제도개편안을 내놓았다. 개정된 주택공급규칙은 이르면 올해 상반기 내 시행될 예정이다. 이에 따라 무주택자들은제도개편 전 막차를 타기 위해 대거청약에 나선..."
청약 제도,"미래에셋증권, ""개인투자용 국채, 8개월 만에 초과 청약…5년물 흥행 주도""",http://www.metroseoul.co.kr/article/20250318500587,"미래에셋증권은 5년물 도입과 더불어 다양한제도개선이 흥행 요인으로 작용했다고 분석했다. 이번 달부터 연간 구매 한도가 기존 1억원에서 2억원으로 확대됐으며,청약기간이 3영업일에서 5영업일로 연장됐다. 또한 모바일트레이딩시스템(MTS) 내 정기 자동청약서비스인 '개인투자용국채..."
청약 제도,[함영진의 부동산화수분] 청약 대기자가 APT분양서 주목할 투자 포인트,https://weekly.hankooki.com/news/articleView.html?idxno=7106758,이 밖에도청약 제도와 관련한 제도 변화가 여럿 있었다. 지난해 사전 청약이 중단되면서 사전 청약 당첨자가 본 청약을 못하는 사례가 있었는데 정부가 이를 구제하기로 했다. 본 청약을 앞둔 사전 청약 당첨자가 시공사의 갑작스러운 사업 취소로 청약 기회를 잃게 되는 난감한 경우가 전국 7개 단지...
청약 제도,'광명 유승한내들 라포레' 19일 임의공급 2차 청약 진행,https://view.asiae.co.kr/article/2025031709580015768,"한 업계관계자는 ""특히 최근 정부는 '로또 청약' '줍줍' 논란이 있는 무순위청약 제도개편을 추진하면서 앞으로는 무주택자의 청약만 가능하게 변경하겠다고 밝혀, 이를 피하려는 수요의 쏠림도 예상된다""고 말했다. 한편 광명 유승한내들 라포레는 광명 구름산지구 도시개발사업(총 5,029세대) 6개 블록 중..."
청약 제도,지방 미분양에 청약통장도 '손절'…1년 새 54만명 이탈,http://www.yonhapnewstv.co.kr/MYH20250310232027821,"<박지민 / 월용청약연구소 대표> ""지방 소도시에서 지방 거점 도시 또는 광역시 이사를 원하시는 분들은청약제도에서 인근 지역의 범위가 있는데, 그 지역 내에서 상급지 청약이 가능하므로 특별공급이나 1순위 기회를 충분히 살려서…"" 부동산 시장이 변화하는 만큼 무작정 청약통장을 포기하기보다 자신의..."
청약 제도,아파트 사업 취소 속출… 사전청약 무용론 커져,https://m.skyedaily.com/news_view.html?ID=265455,사전청약을 받아도 실제 분양까지 이어지지 않으면서 사전청약 제도자체의 실효성에 대한 의문이 커지고 있다. 사업이 취소된 단지들은 다양한 방식으로 대체되고 있다. LH는 화성 동탄2 C28블록&8231;영종하늘도시 A41블록&8231;파주운정3지구 3·4블록 등 4개 단지의 토지를 재매각해 민간 사업자를 다시...
청약 제도,"[머니테크] ""깨야하나, 갖고있을까"" 분양가 급등에 청약통장 매력 '뚝'...전문가들 ""그래도 깨지 마세요""",https://www.ajunews.com/view/20250320084745959,"고준석 교수는 “청약제도는 정부가 마음만 먹으면 언제든지 시장 상황에 맞게 규칙을 바꿔 변화를 줄 수 있다""며 ""정책 변화 가능성을 염두에 두고 급한 게 아니라면 청약통장을 보유하면서 시장을 지켜보는 것이 좋다""고 말했다. 전문가들은 또 급전이 필요한 때에도 해지보다는 청약통장 담보 대출을..."
청약 제도,부동산 '매매'의 기술?…시장 흐름과 제도 이해하고 투자와 자산관리까지 가능해야[김현아의 시티라이프],https://economist.co.kr/article/view/ecn202503120018,관련 법률과제도를 알고 투자와 자산관리를 할 수 있는 종합적인 역량을 의미한다. 청년과 신혼부부들에게 주거정책과 금융 지원제도가 존재하지만... 이제 막 사회생활을 시작한 이들은 결혼식 대신 그 비용을 종자돈 삼아 정부의 신혼희망타운 주택에청약할 계획이라고 한다. 워낙 집값이 비싸지고...
청약 제도,청약홈 청약 열풍… 수원 무순위 청약 2~3억 차익 기대,https://www.topstarnews.net/news/articleView.html?idxno=15614509,"정부가 무순위청약 제도개편을 추진하는 가운데, 시세차익이 기대되는 경기 수원시 무순위 청약에 16만 명이 넘는 신청자가 몰렸다. 지난 5일 한국부동산원 청약홈에 따르면, 경기 수원시 장안구 정자동에 위치한 '북수원자이 렉스비아' 무순위 청약 2가구에 총 16만 4369명이 신청했다. 북수원자이..."
청약 제도,다음 달부터 개인국채 5년물 발행…자동청약 서비스도,https://biz.sbs.co.kr/article_hub/20000220404?division=NAVER,"몇가지제도도 개선됩니다. 1인당 연간 구매한도 1억원에서 2억원으로 늘어납니다.청약기간도 3일에서 5일로 연장되고,청약마감 시간도 기존 오후 3시 30분에서 오후 4시로 연장됩니다. 이와 함께 정기 예·적금처럼 매달 일정액을 자동으로 투자할 수 있는 '정기 자동청약서비스'도 다음 달 10일..."
청약 제도,[IPO챗] 서울보증보험 내주 코스피 입성…티엑스알로보틱스 등 일반청약,https://www.yna.co.kr/view/AKR20250307157200008?input=1195m,"주당 최소 배당금제도도 도입했으며 올해 반기 결산 시 밸류업 공시를 통해 구체적인 금액을 공표할 계획이다. 일반청약을 받는 기업은 3곳이다. 티엑스알로보틱스는 공모가를 1만3천500원으로 확정하고 10∼11일 일반청약을 받는다. 이 기업은 유진그룹의 로봇·물류자동화 기업으로, 물류..."
청약 제도,무순위 청약 개편 임박···'연신내 양우내안애 퍼스티지'로 개편 전 기회 노려,https://www.enetnews.co.kr/news/articleView.html?idxno=35900,"2025년 5월부터 시행될 무순위청약 제도개편을 앞두고 실수요자와 투자자들의 관심이 마지막으로 열리는 알짜배기 단지들로 집중되고 있다. 국토교통부는 무주택자만 무순위 청약에 참여할 수 있도록 자격을 제한하고, 지역 거주 요건을 강화하는 등 실수요자 중심으로 제도를 재편할 예정이다. 최근 몇..."
청약 제도,양극화의 그늘…사전청약 사업 취소 8번째,https://www.rcast.co.kr/news/articleView.html?idxno=27243,"부동산인포 권일 리서치팀장은 ""사전청약이라는제도가 부동산 경기가 괜찮을 때라면 모르지만 경기가 위축되면서 계륵처럼 돼 버렸다""라면서 ""정부는 민간 사전청약실시 현장들을 모니터 하면서 본청약, 준공까지 지연 없이 진행되도록 관심을 갖는 것이 불안감을 해소하는 데 도움이 될 것""이라고 말했다."
청약 제도,"'IPO 재수생' 서울보증보험, 오버행·실적 우려 딛고 청약 흥행할까",https://news.tf.co.kr/read/economy/2184224.htm,청약을 신청해 주식을 배정받은 주주에게 오는 4월 배당을 지급한다. 앞으로 3년 동안 총 주주환원규모 연 2000억원 수준을 보장하며 최소 배당금제도도 도입한다. 상장 후에는 분기 배당도 실시한다. 그러나 시장에서는 서울보증보험의 실적 하향세에 주주환원책이 실시될 여력이 있냐는 시각이 나온다....
대출 규제,토허제·대출규제 '무풍지대'…꼬마빌딩 대신 초고가 아파트 산다,https://www.sedaily.com/NewsView/2GQF6PWYAI,이에 따라 토지거래허가구역 재지정과대출 규제에도 초고가 아파트는 무풍지대라는 평가도 나온다. 28일 국토교통부 실거래가 공개시스템에 따르면 지난해 매매 금액 50억 원 이상 서울 아파트 거래는 총 414건으로 전년(170건) 대비 2.4배가량 증가했다. 같은 기간 100억 원 이상 거래도 6건에서 23건으로 4배...
대출 규제,"김병환, ‘가계대출 규제 오락가락’ 지적에 “정책 추진 중 불가피한 현상…비판 감내”",https://biz.chosun.com/stock/finance/2025/03/26/5RU7SMZVBFHM7KDCXZNAW2BY6U/?utm_source=naver&utm_medium=original&utm_campaign=biz,김병환 금융위원장이 ‘금융 당국의 최근 가계대출 규제가 일관성 없다’는 지적에 대해 “정책 목표 달성을 위해 불가피한 측면이 있다”며 “비판을 감내하고 있다”고 26일 밝혔다. 김 위원장은 이날 오전 정부서울청사에서 열린 기자간담회에 나와 이같이 말했다. 김 위원장은 “금융 당국의 가계대출...
대출 규제,가계 대출 빗장 열었다 닫았다… 땜질식 규제에 소비자 혼란,https://www.chosun.com/economy/stock-finance/2025/03/24/JLZW2XPQU5BSDEAWQZMJYM4TTE/?utm_source=naver&utm_medium=referral&utm_campaign=naver-news,"대출금리를 낮추라는 금융 당국 압박에 연초 금리를 내리고대출 규제를 풀었던 은행들은 다시 대출을 조이고 있다. 은행들은 재개했던 전세 대출을 한 달 만에 다시 중단하겠다고 나서는가 하면, 수도권 주택 보유자에게도 대출을 내줬던 은행도 한 달 만에 다시 대출 문을 걸어 잠갔다. 땜질식 규제에..."
대출 규제,제각각 누더기 대출규제에 은행·소비자 '대혼란',http://news.bizwatch.co.kr/article/finance/2025/03/24/0042,"그러나 토허제 재지정에 따른 당국이 '자율관리'(대출관리 강화) 주문에 문턱을 다시 높이고 있다.▷관련기사 : 이랬다 저랬다대출규제, 은행권 혼란…대출금리 오를라(3월21일) ""대출금리를 낮출 때가 됐다""며 은행권을 압박하던 금융당국이 태세전환에 나서면서 은행권은 물론 대출 실수요자들도 혼란을..."
대출 규제,"""대출관리 강화"" 당국 주문에…은행권, 즉각 대출제한 강화 검토",https://www.hankyung.com/article/202503194766i,"박상우 국토부 장관은 이날 브리핑을 열고 ""주택시장 과열을 방지하기 위해 주택담보대출을 포함한 가계대출총량 관리를 더욱 강화하겠다""며 ""금융권 자율규제를 바탕으로 다주택자, 갭투자와 관련한 가계대출을 금융권이 보다 엄격히 관리할 수 있도록 하겠다 ""고 말했다. 정부는 특히 최근 주택 가격이..."
대출 규제,"'땜질식' 규제에 은행 가계대출 조건 복잡…""풀었다 조였다""",https://www.yna.co.kr/view/AKR20250322045500002?input=1195m,어느 동네냐 집 몇채냐 따라 은행 대출 가능 여부·한도 등 천차만별 연초 대출 문턱 낮추고 석달만에 다시 높여…한 달 만에 바꾸기도 신호경 한지훈 민선희 기자 = 가계대출 규제가 땜질식으로 되풀이되면서 은행별 주택담보대출과 전세자금대출 조건이 매우 복잡해졌다. 은행들은 올해 들어 대출...
대출 규제,토허제 확대·대출 규제 강화에 혼란… 대출 막힐까 계약 포기도,http://www.segye.com/newsView/20250323509424?OutUrl=naver,연합뉴스 일선 중개업소에는 지난달 ‘잠삼대청’(잠실·삼성·대치·청담동) 토지거래허가구역 해제에 따른 기대감에 집을 샀다가 돌연 나온대출규제강화책에 대출이 막힐까 봐 걱정하는 계약자들의 문의 전화가 주말까지 빗발친 것으로 전해졌다. 중개업소는 또 허가구역 지정 전에 집을 팔려는...
대출 규제,시중은행 대출 규제 강화,https://www.newspim.com/news/view/20250324000980,지난달 은행 가계대출잔액이 1143조 7000억원으로 집계돼 역대 최대 규모를 경신한 가운데 금융당국은 오는 25일 주요 시중은행을 소집해 토지거래허가구역 재지정 이후 가계대출동향을 점검하고 추가 대책이 필요한지 논의할 예정이다. 사진은 24일 서울의 한 시중 은행에 게시된...
대출 규제,"저축은행, 사잇돌·햇살론 인센티브…비대면대출 영업규제 낮춘다",http://news.mt.co.kr/mtview.php?no=2025032009172672518,영업구역 밖에서 취급한 비대면 개인신용대출의 50%를 총여신에서 제외하는 방식이다. 의무여신비율규제의 분모(총여신)가 줄어들면서규제가 대폭 완화되는 셈이다. 최근 저축은행의 비대면 취급 비중 증가로 영업구역 밖 차주의대출수요가 확대되는 점을 감안했다. 중소형 저축은행의 미흡한 신용평가...
대출 규제,"IPO 앞둔 케이뱅크, 총량 규제 가계대출보다 기업대출에 집중한다",https://zdnet.co.kr/view/?no=20250318105139,"이어 그는 ""IPO위해서 개인과 기업금융이 고르게 성장하는 모습을 보여주고 싶지만 개인대비 기업서 차지하는 비중이 작아서 더 노력할 것""이라며 ""총량규제가 강하게 들어와서 개인 부문대출을 강하게 늘릴 수 있는 상황이 아니라 기업대출을 보고 있고, 올해 기업대출공급액 목표는 2조원 이상""이라고..."
대출 규제,"이랬다 저랬다 대출규제, 은행권 혼란…대출금리 오를라",http://news.bizwatch.co.kr/article/finance/2025/03/20/0040,정부가 토지거래허가구역(토허제) 해제와 재지정이라는 오락가락 정책에 더해 추가적인 가계대출 규제가능성을 내비치면서 은행권이 난색을 표하고 있다. 지난달 금융당국은 한국은행 기준금리 인하를 은행권 대출금리에 반영하도록 압박하며 가계대출 수요를 자극했다. 이번엔 강남 집값 상승을 이유로 대출...
대출 규제,[열린송현] 유연한 주택 대출 규제 필요하다,https://www.sedaily.com/NewsView/2GQDB56C6Z,"지방 미분양주택에 대한 한국토지주택공사(LH)의 직접매입 등 지원책이 발표됐지만, 기대했던 수요자대출규제완화는 지방에 한정해 실효성이 크지 않다는 평가를 받고 있다. 현재 주택시장의 상황을 보면 좀 더 적극적인 정책이 필요하다. 안정적으로 유지됐던 미분양물량은 2021년 1만 7710가구에서 2024년 말..."
대출 규제,"""집 있으면 '토허제' 지역서 대출 제한""…우리은행, 추가 규제",https://biz.sbs.co.kr/article_hub/20000224062?division=NAVER,"서울시는 오는 24일부터 강남 3구와 용산구를 토지거래허가구역으로 지정하기로 했습니다. 이는 지난달 강남권 일부 지역을 토지거래허가구역에서 해제하겠다고 발표한 후 집값이 요동치자 나온 대책으로, 은행권도 당국의 조치에 발맞춰대출추가규제를 내놓고 있습니다."
대출 규제,"위기의 저축은행…금융당국, M&A 규제 풀고 중금리 대출에 인센티브",https://www.hankookilbo.com/News/Read/A2025032010030003314?did=NA,"금융당국이 저축은행업권에 대한 인수합병(M&A)규제를 한시적으로 풀고, 중금리대출을 활성화하기 위한 인센티브를 주기로 했다. 부동산 프로젝트 파이낸싱(PF) 부실 여파로 저축은행업권의 건전성이 크게 악화하면서 기능 수행에 어려움을 겪고 있기 때문이다. 김병환 금융위원장은 20일..."
대출 규제,"토허제 풀리자 대출 수요↑...은행권, 대출 규제 카드 '만지작'",http://www.fnnews.com/news/202503181409364672,"묘'를 강조한 만큼 다른 은행들도 가계부채 관리를 위해 여러 카드를 고심 중이다. 가계대출증가세가 재차 가팔라지면 은행별로 추가 핀셋규제가 나올 전망이다. 한 시중은행 관계자는 ""아직 증가폭이 크진 않지만, 당국에서 선제적인 대응을 요구한 만큼 추가 조치들에 대해 고민하고 있다""고 전했다."
대출 규제,부동산 규제에 은행도 움찔…대출 중단 확산,https://news.mtn.co.kr/news-detail/2025032016413288476,신한은행과 KB국민은행은 이미 강화된대출 규제를 적용하고 있는 만큼 서울과 수도권 지역 가계대출 추이를 살피며 추가 대응을 검토한다는 입장입니다. 더구나 오는 7월부터는 가장 강력한 3단계 스트레스 DSR(총부채원리금상환비율) 규제까지 시행될 예정이어서 실수요자들도 대출한도가 줄어들 가능성이...
대출 규제,오락가락 가계대출 조건·규제… 소비자 혼란 가중,https://www.dt.co.kr/contents.html?article_no=2025032002109963033015&ref=naver,"하지만 은행마다대출규제가 달라 상담을 받는 고객들은 늘어난 것으로 나타났다. 금융권 관계자는 ""상담을 받으러 오는 고객들이 증가했다. 특히 서초구는 하루에 2, 3번씩 방문하는 고객들이 있는 만큼 상담이 늘었다. 하지만 대출 접수 건수로 이어지지 않는 경우가 다수였다""고 말했다. 강남, 서초구 대비..."
대출 규제,규제완화·금리인하에 '영끌' 꿈틀…5대은행 신규 주담대 34%↑,https://www.yna.co.kr/view/AKR20250308053400002?input=1195m,"A 은행 서울 여의도 한 지점 관계자는 ""올해 들어, 특히 2월부터 실제 대출 받는 사람이 증가했고, 주택구입자금 대출을 문의하는 사람도 크게 늘었다""며 ""주로 금리 인하 폭,대출 규제완화로 원리금이 얼마나 줄어들 수 있는지 등을 문의한다""고 전했다. B 은행 서울 성동구 한 지점 관계자도 ""토지거래허가제..."
대출 규제,규제 풀자 폭증한 주담대…시험대 오른 가계대출 관리,http://www.edaily.co.kr/news/newspath.asp?newsid=04103286642102664,기존 1억원이던 수도권 생활안정자금 대출 한도를 2억원으로 확대하는 등 일부대출 규제를 완화했다. 수협·신협중앙회 역시 올해 1월부터 다주택자 대상 일부 대출 제한을 해제했다. 수협중앙회는 다주택자의 수도권 신규 주담대 취급 제한을 완화했고 신협중앙회는 다주택자 생활안정자금 한도를 기존 1억...
대출 규제,"SC제일은행, 다주택자 주담대 제한…대출 규제 강화",https://www.etoday.co.kr/news/view/2454012,"이투데이=정상원 기자 | 토지거래허가구역 해제 여파로 서울 집값이 들썩이자 은행권이 다시대출 규제에 나섰다. 19일 금융권에 따르면 SC제일은행은 26일부터 다주택자(2주택 이상)에 대한 생활안정자금 목적의 주택담보대출을 중단한다. 다주택자 대상 대환대출, 추가 주담대도 중단한다. 역전세용..."
대출 규제,"은행권, 가계대출 조인다…금융당국, 자율 규제 강화 당부",https://www.polinews.co.kr/news/articleView.html?idxno=686362,"금융당국이 은행권에 자율적으로 가계대출 관리 강화를 당부하자 은행들이 가계대출 규제방안을 내놓고 있다. 21일 금융권에 따르면, 국내 시중은행들이 다주택자에 대한 주택담보대출 제한 방안을 내놓고 있다. 최근 강남 3구를 비롯한 서울 및 수도권 지역의 집값 과열 양상이 보이자 금융당국이 은행권에..."
대출 규제,"전세대출 규제 풀었던 농협은행, 2개월 만에 '서울지역' 핀셋 규제",http://news.mt.co.kr/mtview.php?no=2025031714501276888,농협은행의 행보는 새해 들어대출 규제를 완화하던 은행권의 움직임과 대조된다. 주요 은행은 지난해 하반기 주택담보대출과 신용대출 취급 문턱을 높였으나 새해 이후에는 각종 규제를 풀고 대출금리를 낮췄다. 농협은행도 지난해 12월30일 이후 3차례에 걸쳐대출 규제를 완화했다. 지난해 12월30일에는...
대출 규제,토허제·대출 규제 ‘이중 압박’… 부동산 시장 ‘패닉’,https://www.viva100.com/article/20250323500414,"정부와 서울시가 아파트값 상승 확산세를 막기 위해 24일부터 토지거래허가구역을 강남3구와 용산구 아파트로 확대하고, 1주택 이상 보유자와 조건부 전세대출 등의대출 규제를 다시 강화하기로 하면서 시장이 대혼란을 겪고 있다.대출 규제가 강화되면서 시장 전반에 불확실성이 커졌고, 계약을 취소하거나..."
대출 규제,“집값 상승세 못 막는다”…토허제 재지정·대출규제 완화에도 경인지역 ‘들썩’,https://www.etoday.co.kr/news/view/2455322,"규제시행으로대출규모가 줄어들기 전에 미리대출받으려는 수요가 한꺼번에 몰릴 수 있기 때문이다. 정부의 강남 3구와 용산구 토허제 지정으로 투자 수요가규제지역 대신 서울 성동구와 마포구, 강동구 지역에 이어 경인지역 핵심지로 옮겨가는 ‘풍선효과’ 발생 가능성도 커졌다. 실제로..."
대출 규제,가계대출 정책도 뒤집은 정부 은행에 다시 대출 규제해달라,http://www.smedaily.co.kr/news/articleView.html?idxno=320824,"이어 ""시장 과열 상태를 안정적으로 관리하기 위해 한시적으로대출 규제조치를 시행해달라""고 협조를 구하면서 ""당분간 가계대출 가산금리 인하 요청은 없을 것""이라고 덧붙였다. 이런 발언은 앞서 김병환 금융위원장이나 이복현 금융감독원장의 은행권 가계대출 금리 인하 압박과 상충된 것이다. 지난달..."
대출 규제,[집중진단] 제각각 대출규제 은행·소비자 '대혼란'…정부 방안은?,https://biz.sbs.co.kr/article_hub/20000224996?division=NAVER,부당대출사건이 고객들을 실망시키고 있습니다. 은행들이 이자 장사로 돈을 쉽게 번다는 비판 속에 은행원들은 짬짜미로 고객 돈을 부당하게... 그간 집값이 오르지도 않았는데규제됐기 때문인데요. 어떻게 해야 할까요? (자세한 내용은 동영상을 시청하시기 바랍니다.)
대출 규제,'국민평형' 서울 84㎡ 아파트값도 오름세…대출 규제 강화 전 매입 수요↑,https://economist.co.kr/article/view/ecn202503170011,"더욱이 오는 7월 DSR 3단계 시행을 앞두고대출 규제가 강화되기 전 유리한 조건에서 주택을 매입하려는 수요가 선제적으로 시장에 유입되는 모습이다. 김은선 직방 빅데이터랩장은 다만 ""서울 외곽 지역에서도 하락 매물이 소진되며 일부 가격 상승이 나타나고 있지만, 아직 적극적인 추격 매수세가..."
대출 규제,서울 주택 구입 깐깐해진다...신규대출 규제 강화,https://www.ytn.co.kr/_ln/0102_202503202249346539,"주택담보대출을 내주지 않기로 했습니다. 하나은행은 최근 서울의 주택가격과 거래량이 급증한 가운데, 갭 투자를 막고 실수요자를 보호하기 위한 조치라고 설명했습니다. SC제일은행도 오는 26일부터 2주택 이상 보유자의 생활안정자금대출과 타 은행 대환대출등을 제한하기로 했습니다. SC제일은행은..."
대출 규제,"정부, 디딤돌 대출도 규제...수도권 우대금리 폐지",https://www.ntoday.co.kr/news/articleView.html?idxno=114151,"[사진=뉴시스] 정부의 부동산 시장 안정화 방안의 일환으로대출 규제방침을 발표한 가운데, 디딤돌 대출까지 압박에 나섰다. 21일 업계에 따르면 주택도시보증공사(이하 HUG)는 오는 24일부터 수도권의 신규 분양 주택을 담보로 디딤돌 대출을 신청하는 경우 0.1%P의 우대금리 혜택을 폐지하는 방침을 4대..."
대출 규제,"정부, 서울 주택시장 과열 대응…토허제 재가동·대출규제 강화",https://www.ebn.co.kr/news/articleView.html?idxno=1655588,"강남·서초·송파·용산구 전역을 토지거래허가구역으로 재지정하는 한편,대출 규제강화, 부동산 거래질서 확립 등을 병행해 시장 안정에 나설 방침이다. 국토교통부는 19일 서울특별시와 기획재정부, 금융위원회, 한국은행, 금융감독원 등 관계 부처와 정부서울청사에서 회의를 열고 이같은 방안을 내놨다...."
주택 공급,'전북형 반할주택' 청년·신혼부부에 파격 공급 본격 나선다,https://www.newsis.com/view/NISX20250327_0003115846,"청년과 신혼부부의 주거 불안 해소와 저출생 문제 대응을 위한 전북특별자치도의 파격 지원정책인 '전북형 반할주택'공급이 본격화한다. 27일 전북자치도에 따르면 '반할주택'은 임대료가 반값인 데다, 각종 혜택이 좋아서 ‘반할 수밖에 없는 주택’이라는 의미를 담고 있다. 특히 기존의 다자녀 중심 주거..."
주택 공급,"보훈부 ""산불 피해 국가유공자에 재해위로금·주택 우선공급""",https://www.yna.co.kr/view/AKR20250328025700504?input=1195m,"국가보훈부는 경북·경남 대형 산불로 피해를 본 국가유공자 등을 위해 재해위로금과주택우선공급등의 지원에 나선다고 28일 밝혔다. 보훈부는 산불로 인명 또는주택피해를 본 국가유공자와 선순위 유족에게 최대 500만 원, 기타 재산 피해의 경우 최대 50만 원의 재해위로금을 지원한다. 재해위로금 지급..."
주택 공급,영등포 양남시장 주상복합 탈바꿈…공공임대주택·상가 공급,https://www.etoday.co.kr/news/view/2456852,"김창규 서울시 균형발전본부장은 ""긴급 정비가 필요한 노후시장 정비를 신속히 추진하는 동시에 민간과 공공이 지역 경제 활성화를 함께 이끄는 모델을 실현했다""며 ""앞으로도 공공지원임대주택·상가공급등 공적 역할 수행을 통해 지역 주민의 삶의 질 향상에 힘쓰겠다""고 말했다. 서울시는 서대문구..."
주택 공급,"경북도 ""산불 피해, 5개 시·군 27만여명에 1인당 30만원 지원…신규 마을 조성·주택 공급",https://www.kwnews.co.kr/page/view/2025032810124579312,"장기적으로 피해지에 신규로 마을을 만들고,주택을공급한다는 방침이다. 이와함께 산불 피해 의성, 안동, 영덕, 영양, 청송 5개 시·군 27만여명에는 1인당 30만원을 지급하기로 했다. 긴급재난지원금을 우선 지원하고 중앙정부 차원에서도 대책을 마련할 것을 요청하기로 했다. 도는 이번 대형 산불과 같은..."
주택 공급,"LH, 천안직산 공공지원 민간임대주택 공급촉진지구 사업추진 발판 마련",https://www.gukjenews.com/news/articleView.html?idxno=3235988,"한국토지주택공사 대전충남지역본부는 천안시 서북구 업성동, 직산읍 일원에 위치한 천안직산 공공지원민간임대주택 공급촉진지구가 28일 국토교통부의 지구계획승인 고시를 완료하며 본격적인 사업추진 발판을 마련 했다고 밝혔다. 한국토지주택공사 대전충남지역본부는 천안시 서북구 업성동, 직산읍..."
주택 공급,"""신혼·출산가구 주택공급 확대한다""…분양주택 청약요건도 완화",https://economist.co.kr/article/view/ecn202503260027,정부가 신혼가구 등의주택공급을 확대하기 위한 행정규칙 개정안이 이달 하순부터 시행한다. 국토교통부는 신혼·출산가구에 대한주택공급을 확대하고 주거지원을 강화하는 내용의 '주택공급에 관한 규칙' 및 '공공주택 특별법 시행규칙'과 행정규칙 개정안을 오는 31일부터 시행한다고 26일 밝혔다. 이번...
주택 공급,"LH, 올해 토지 1721필지·분양주택 2만 745호 공급",https://www.busan.com/view/busan/view.php?code=2025032409331428291,"한국토지주택공사(LH)는 오는 28일 경기도 성남에 있는 LH 경기남부지역본부 1층 대강당에서 ‘2025년 토지·주택 공급계획 설명회‘를 개최한다고 24일 밝혔다. 이 설명회는 올해 LH의 연간 토지·주택 공급물량과 공급 시기 등을 한눈에 파악할 수 있는 자리로, 매년 기업 고객과 개인 실수요자들의..."
주택 공급,"LG엔솔, 델타와 美 주택용 ESS 공략…1조 규모 LFP 공급",https://www.etnews.com/20250326000083,LG에너지솔루션은 25일(현지시간) 델타일렉트로닉스와 전략적 파트너십을 체결하고 2030년까지 5년간 총 4기가와트시(GWh) 규모주택용 ESS 배터리를공급한다고 밝혔다. 이는 약 40만가구(4인 기준) 이상이 하루 동안 사용할 수 있는 전력량이다. 구체적인 계약 금액은 공개하지 않았지만 ESS용 배터리...
주택 공급,"LG엔솔, 델타 일렉트로닉스와 美 주택용 ESS 공급",http://www.segye.com/newsView/20250326517131?OutUrl=naver,이번에공급하기로 한주택용 ESS 배터리는 모두 미국 현지에서 생산할 예정이다. 델타 일렉트로닉스와 협약을 체결하는 데에는 현지 생산 역량에 대한 호평이 주효했다. LG에너지솔루션은 미국 미시간주 홀랜드 공장에 ESS 생산라인을 갖추고 올해 하반기부터 ESS용 리튬인산철(LFP) 배터리를 생산한다....
주택 공급,"전남개발공사, 오룡지구 도시지원시설용지·주택용지 최초 공급",https://news.mtn.co.kr/news-detail/2025032823113035178,"전남개발공사 신창석 처장은 “이번에공급되는 도시지원시설용지, 블록형단독주택용지, 연립주택용지는 지구내 부족한 도시기능을 지원하고 차별화된주택을공급하여 오룡지구가 명실상부한 주거명품 신도시로 거듭날 것으로 기대된다”고 말했다.용지입찰은 4월9일부터 2일간 온비드 입찰시스템을..."
주택 공급,신혼·출산가구 주택공급 확대…청약요건 완화,https://www.nongmin.com/article/20250327500255,신혼·출산 가구에 대한주택공급확대와 주거지원이 강화된다. 국토교통부는 이 같은 내용을 담은 ‘주택공급에 관한 규칙’ 및 ‘공공주택 특별법 시행규칙’과 행정규칙 개정안을 31일부터 시행한다고 27일 밝혔다. ◆신혼·출산 가구에 대한주택공급확대=개정안은 앞으로 2세 미만 신생아 가구는...
주택 공급,"LG엔솔, 美 주택용 ESS 시장 공략…5년간 4GWh 배터리 공급",https://zdnet.co.kr/view/?no=20250326083927,"이번 협력을 통해 LG에너지솔루션은 2025년부터 2030년까지 5년간 총 4GWh 규모의주택용 ESS 배터리를공급할 예정이다. 이는 약 40만 가구(4인 기준) 이상이 하루 동안 사용할 수 있는 전력량이다. 향후주택용뿐만 아니라 전력망, 상업용 ESS 시장에서도 협력을 모색하기로 했다. LG에너지솔루션 김형식..."
주택 공급,"공공분양주택 일반공급 물량 50%, 신생아가구에 '우선권'",https://www.yna.co.kr/view/AKR20250326046500003?input=1195m,"국토교통부는 신혼·출산가구에 대한주택 공급을 확대하는 내용의주택 공급에 관한 규칙, '공공주택 특별법 시행규칙 및 행정규칙 개정안'을 이달 31일부터 시행한다고 26일 밝혔다. 이는 지난해 6월 정부가 발표한 '저출생 추세 반전을 위한 대책'의 후속 조치다. 정부는 우선 신혼가구와 출산가구에 더 많은..."
주택 공급,[도정소식] '전북형 반할주택' 공급 본격화 등,http://www.seoulfn.com/news/articleView.html?idxno=552490,"전북특별자치도가 청년과 신혼부부의 주거 불안을 해소하고 저출생 문제에 대응하기 위해 파격적인 주거 지원정책 '전북형 반할주택'의공급을 본격화한다. 27일 도에 따르면 '반할주택'은 임대료가 반값인 데다, 각종 혜택이 좋아서 '반할 수밖에 없는주택'이라는 의미를 담고 있다. 특히 기존의 다자녀 중심..."
주택 공급,"“토허제 실패 수습” 오세훈, 주택 공급 아닌 수요 살필 것",https://magazine.hankyung.com/business/article/202503274000b,"신 대변인은 “그동안 서울시의 주택사업 담당 인력들은주택 공급에 초점을 맞춰왔으며, 시장 반응 등 수요 측면을 면밀히 살피는 데는 부족한 면이 있었다”고 인정했다. 이에 따라 새롭게 개편될 전담 조직에는 세제·금융시장 등 거시경제적 변수를 포함해 부동산 시장을 종합적으로 분석하고 예측할 수 있는..."
주택 공급,"보훈부 ""산불 피해 국가유공자 재해위로금·주택 우선 공급""",https://www.gukjenews.com/news/articleView.html?idxno=3236521,"국제뉴스/DB 국가보훈부는 경북·경남 지역 대형 산불로 피해를 본 국가유공자 등을 위해 재해 위로금과주택우선공급등의 지원에 나선다고 28일 밝혔다. 보훈부는 산불로 생명이나 재산 피해를 본 국가유공자와 선순위 유족에게 최대 500만 원, 기타 재산 피해의 경우 최대 50만 원의 재해위로금을 지원한다...."
주택 공급,"전남개발공사, 남악 오룡지구 도시지원시설·주택용지 9필지 공급",https://www.betanews.net/article/view/beta202503280097,"블록형 단독주택용지는 아파트와 단독주택의 장점을 결합한 주거 형태로공급된다. 대금 납부는 3년 무이자 할부 조건이며, 입찰은 4월 9~10일 온비드에서 진행되고, 개찰은 4월 11일 예정이다. 오룡지구는 수변공원과 보행 중심의 도시 설계로 국토부장관상을 수상한 바 있다."
주택 공급,"LH, '유스타트'로 자립준비청년 8000명에 임대주택 공급",https://www.hankyung.com/article/2025032692006,한국토지주택공사(LH)가 자립준비청년을 지원하는 '유스타트 프로그램'을 통해 8000여명에게 임대주택을공급했다고 26일 밝혔다. 유스타트 프로그램은 아동보호시설을 떠나 사회로 독립하는 자립준비청년이 안정적으로 사회에 정착하여 스스로 생활을 영위해 나갈 수 있도록 돕는 생활 지원 연계 종합...
주택 공급,"LG엔솔, 美 델타와 '40만가구' 주택용 ESS 배터리 공급",https://it.chosun.com/news/articleView.html?idxno=2023092137002,"이번 협력을 통해 LG에너지솔루션은 2025년부터 2030년까지 5년간 총 4GWh 규모의주택용 ESS 배터리를공급할 예정이다. 이는 약 40만가구(4인 기준) 이상이 하루 동안 사용할 수 있는 전력량이다. 향후주택용 뿐만 아니라 전력망, 상업용 ESS 시장에서도 협력을 모색하기로 했다. 델타 일렉트로닉스는..."
주택 공급,"LH, 28일 토지·주택 공급계획 설명회…올해 2만가구 분양",https://www.yna.co.kr/view/AKR20250324029300003?input=1195m,공동주택용지는 27필지 공급 추진 한국토지주택공사(LH)는 오는 28일 경기 성남시의 LH 경기남부지역본부에서 '2025년 토지·주택 공급계획 설명회'를 연다고 24일 밝혔다. 설명회에서는 다음 달부터 공급될 예정인 토지 총 1천721필지(375만㎡)와 분양주택 2만745호에 관해 소개한다. 토지는...
주택 공급,‘천원주택’ 공급해 신혼부부 안정적 정착 지원,https://www.donga.com/news/Economy/article/all/20250326/131281263/2,최근 전세사기 여파로 비아파트 공급이 위축된 가운데 정부가주택 공급안정화를 위해 비아파트 공급 확대 방침을 내세우며 공공 매입임대주택 공급을 가속화하고 있다. 인천도시공사(iH)는 정부 정책에 발맞춰 서민 주거 안정을 위한 맞춤형 임대주택 공급확대에 힘쓰고 있다. 특히 하루 임대료가 1000원...
주택 공급,"출산 가구, 더 넓은 주택 더 많이 공급받는다",http://news.mt.co.kr/mtview.php?no=2025032612265642096,국토교통부는 26일 신혼·출산가구에 대한주택공급을 확대하고 주거지원을 강화하는 내용의 '주택공급에 관한 규칙' 및 '공공주택 특별법 시행규칙'과 행정규칙 개정안을 오는 31일부터 시행한다고 밝혔다. 이번 개정안은 지난해 6월 발표한 '저출생 추세 반전을 위한 대책' 이행을 위한 후속 조치다. 우선...
주택 공급,"""내집 마련 기회 놓칠라"" LH, 연간 땅·주택공급 설명회에 뜨거운 ′열기′",https://www.newspim.com/news/view/20250328000645,"이한준 LH 사장은 ""민간의주택공급위축과 고물가 장기화로 인한 주거비 상승, 주거불안 우려를 해소할 수 있도록 충분하고 신속한주택공급에 총력을 다하고 있다""며 ""무주택 서민의 주거 안정을 위해 차질 없는주택 공급을 이어갈 것""이라고 말했다."
주택 공급,서울 강서구·마포구에 모아주택 2167가구 공급,https://view.asiae.co.kr/article/2025032509075238498,"이번 모아타운 지정으로 4개 모아주택사업 추진 시 기존 1150가구에서 486가구 늘어난 총 1636가구의주택 공급이 가능할 것으로 예상된다. 이번 모아타운 관리계획 수립(안)에는 사업가능구역의 용도지역 상향, 정비기반시설 확충, 모아주택 사업추진계획 및 디자인 가이드라인 등을 바탕으로 노후 저층..."
주택 공급,최대 70% 저렴…청년·신혼·신생아 임대주택 4075가구 공급[집슐랭],https://www.sedaily.com/NewsView/2GQDS968GF,"시세보다 최대 70% 저렴한 청년 및 신혼·신생아 매입임대주택4000여 가구가공급된다. 국토교통부는 오는 27일부터 전국 16개 시·도에서 청년과 신혼·신생아 가구를 위한 매입임대주택입주자를 모집한다고 25일 밝혔다. 모집 규모는 청년 1776가구, 신혼·신생아 2299가구 등 총 4075가구다. 신청자 자격..."
주택 공급,"CA주, 건설 업체 세제 혜택 통한 주택 공급 부족 개선안 추진!",https://www.radiokorea.com/news/article.php?uid=469187,"특히, 저소득층은 물론 중산층 가정을 위한주택을 더 많이공급할 수 있는 구조를 갖고 있기 때문에 CA주의 고질적인 주거 시설공급부족 문제를 개선 시킬 수 있는 실질적인 방안이 될 것 이라며 통과의 중요성을 짚었습니다. 높은 주거 시설 가격으로 인해 CA주에서 본인 또는 가족이 소유한주택에..."
주택 공급,"""공공기여·상가 부담 완화""…주택공급 탄력",https://www.hankyung.com/article/2025031950491,서울시가주택 공급을 활성화하기 위해 부동산 관련 규제 철폐 작업에 속도를 내고 있다. 공공기여나 상가 의무 확보 등의 부담을 덜어주고 용적률 혜택을 주는 방식으로 재정비촉진지구 사업성을 높여주기로 했다. 이를 위해 관련 규정을 18년 만에 전면 개편한다. 발코니 규제를 완화해 청년과 신혼부부가...
주택 공급,공공주택 공급 확대 여파…LH 부채 지난해 7.2조원 늘었다,https://www.cstimes.com/news/articleView.html?idxno=639006,"정부의 공공주택 공급확대 정책 등의 영향으로 부채가 늘어난 가운데, 올해 또한 다양한 공공주택 공급을 앞두고 있어 부채는 더 늘어날 것으로 예상된다. 27일 공공기관 경영정보 공개시스템(알리오)에 따르면 LH의 지난해 말 기준 총부채는 160조1000억원으로, 작년 152조9000억원보다 7조2000억원..."
주택 공급,정비사업 수주 시장도 '양극화'… 주택 공급에 악영향,https://www.rcast.co.kr/news/articleView.html?idxno=27408,"이와 같은 수주 양극화는 원활한주택 공급을 저해하는 요인으로 지적돼 악순환이 이어지고 있다. 서울, 지방 가릴 것 없이 선별 수주로 유찰 반복 수주 양극화는 서울과 비서울, 수도권과 비수도권(지방) 등 지역적의 특수성에 따라 발생하기도 하지만 같은 서울에서도 선별 수주가 심하게 나타나고 있다. 올..."
주택 공급,[WIKI 현장] 인천영종·남양주왕숙·고양창릉…LH가 밝힌 4월 이후 주택 공급계획,http://www.wikileaks-kr.org/news/articleView.html?idxno=165959,공동주택용지 공급계획 LH(한국토지주택공사)는 28일 성남 분당에 위치한 LH 경기남부지역본부에서 '2025년 토지주택 공급계획 설명회'를 통해 연간 토지주택 공급물량과 공급 시기 등을 소개했다. 정부의 부동산 공급 계획에 맞춰 LH도 지역별 토지주택 공급을 추진한다는 계획이다. 이같은 설명회는...
분양가 상한제,울산에도 ‘분양가 상한제 아파트’···태화강 에피트 내달 분양,https://www.mk.co.kr/article/11275272,"지하 1층~지상 15층 5개 동...전용 84·101·108㎡ 3개 타입 부울경판 GTX, 울산도시철도 추진 본격화 도심융합특구, 경제자유구역 추가 지정 등 개발 호재도 ㈜HL디앤아이한라는 울산 태화강 인근 공공택지에분양가 상한제아파트인 ‘태화강 에피트’를 4월에 분양한다고 27일 밝혔다. 울산광역시..."
분양가 상한제,청주테크노폴리스 아테라2차 분양가 3.3㎡당 1천295만원,https://www.yna.co.kr/view/AKR20250327161400064?input=1195m,"아울러 이달분양가상한제적용주택의 기본형 건축비 및 가산비용 고시에 따른 기본형 건축비 상승분을 반영했다고 부연했다. 발코니 확장비용은 84AL타입 1천126만원, 84AH타입 1천122만원, 84BH타입 1천206만원, 84CH타입 1천73만원으로 책정됐다. 산하이앤씨와 청주테크노폴리스주택개발피에프브이가..."
분양가 상한제,분양가 상승에…수요자 '중소형 단지' 집중,https://www.sentv.co.kr/article/view/sentv202503280179,"민간참여형 공공분양 주택 사업을 통해 공급되는 '에코델타시티 아테라'는 지하 2층~지상 16층, 16개 동, 전용면적 59·84㎡ 총 1025가구의 대단지로 조성되며분양가 상한제적용을 받아 합리적인 분양가로 공급될 예정이다. 단지 바로 앞 유치원과 초등학교 예정 및 현대프리미엄아울렛 부산점(가칭) 등의..."
분양가 상한제,분양가 상승세 …분상제 아파트 울산 '태화강 에피트' 4월 분양 예정,https://www.newspim.com/news/view/20250328000163,㈜HL디앤아이한라는 울산 태화강 인근 공공택지에분양가 상한제아파트인 '태화강 에피트'를 4월에 분양한다고 29일 밝혔다. '태화강 에피트' 투시도 [사진=HL디앤아이한라] 울산광역시 태화강변 주택지구에 들어서는 '태화강 에피트'는 '부울경판 GTX(수도권광역급행철도)'로 불리는 '동남권 순환광역철도'와...
분양가 상한제,울산 '태화강 에피트' 4월 분양...분양가 상한제 적용,https://biz.sbs.co.kr/article_hub/20000225035?division=NAVER,"HL디앤아이한라가 울산 태화강 인근 공공택지에분양가 상한제아파트인 '태화강 에피트'를 4월에 분양한다고 26일 밝혔습니다. 울산시 태화강변주택지구 S1BL에 조성되는 '태화강 에피트'는 지하 1층~최고 15층, 5개 동에 전용면적 기준 ▲84㎡타입 249가구 ▲101㎡ 타입 45가구 ▲108㎡ 타입 13가구 등 총..."
분양가 상한제,"DL이앤씨 부천 'e편한세상 대장 퍼스티움' 5월 분양, 분양가 상한제 적용",https://www.businesspost.co.kr/BP?command=article_view&num=388573,DL이앤씨는 e편한세상 대장 퍼스티움이 공공분양의 안정성과 함께분양가상한제적용 지역에 위치해 합리적 분양가 책정이 기대된다고 설명했다. 정부정책자금대출을 이용하면 LTV(주택담보인정비율) 70%까지 대출이 가능하고 연 1.3% 고정금리가 적용될 것으로 예정됐다. 또 7월 시행될 3단계 스트레스 DSR...
분양가 상한제,부산 첫 아테라 아파트…학교 등 인프라 부족에도 시세보다 1억 비싼 분양가 ㅣ에코델타시티 아테라,https://realty.chosun.com/site/data/html_dir/2025/03/28/2025032800671.html,"공공분양 아파트인 만큼분양가상한제를 적용하는 것은 수요자 입장에서 장점이다. 반면 공급 물량의 70%를 신혼부부, 생애최초, 다자녀 등 특별공급 물량으로 배정해 청약 조건이 비교적 까다롭다는 점이 아쉬울 수 있다. 부산시가 비규제지역인데도 청약 규제가 센 편이기도 한다. 거주의무기간은 없지만..."
분양가 상한제,분양가 상승세 속 분상제 아파트 ‘태화강 에피트’ 주목,http://www.segyebiz.com/newsView/20250327508584?OutUrl=naver,"HL디앤아이한라 제공 HL디앤아이한라가 울산 태화강 인근 공공택지에분양가 상한제아파트인 ‘태화강 에피트'를 4월에 분양한다고 28일 밝혔다. 울산시 태화강변주택지구 S1BL에 조성되는 태화강 에피트는 지하 1층~최고 15층, 5개 동에 전용면적 기준 ▲84㎡타입 249세대 ▲101㎡ 타입 45세대 ▲108㎡ 타입 13세대..."
분양가 상한제,3년 새 43% 오른 경기도 분양가…내 집 마련 수요↑,https://www.hankyung.com/article/2025031932076,"이른바 ‘로또분양’으로 통하는분양가상한제아파트도 분양가 상승을 피하지 못했다. 국토교통부는분양가상한제주택 분양가 구성 항목 중 하나인 기본형건축비를 1㎡당 210만6000원에서 214만원으로 인상했다. 업계 관계자는 ""인건비가 거듭 상승하는 가운데 고환율로 인해 수입 건축자재..."
분양가 상한제,﻿이천과학고 호재 품은 분양가상한제 아파트 '신안인스빌 퍼스티지' 주목,https://www.itbiznews.com/news/articleView.html?idxno=163779,"이천 과학고의 수혜지로 알려진 이천 중리택지지구 A-2 블록에서 '신안인스빌 퍼스티지'가분양가상한제적용 및 '계약조건 안심보장제' 시행 등으로 주목 받고 있다. 단지가 있는 '이천 중리택지지구'는 이천시청, 세무서, 경찰서 등 관공서가 밀접한 이천행정타운의 배후 주거단지로서 약 60만㎡규모에 4천..."
분양가 상한제,공급 대란에 분양가 상승까지…'분양 성수기' 눈여겨볼 주요 단지는,https://www.newsis.com/view/NISX20250319_0003105227,"모두 교통 여건이 탄탄하고 수요가 풍부한 지역에,분양가상한제가 적용돼 주변 시세 대비 높은 차익이 기대된 것이 인기 요인으로 분석된다. 분양업계에선 당분간 입지와 교통, 분양가까지 합리적인 요인을 갖춘 곳에 청약 수요가 집중될 것으로 내다보고 있다. 내달 일신건영이 서울보다 서울이..."
분양가 상한제,'평택 브레인시티 수자인' 분양…'합리적 분양가'에 관심↑,https://www.news1.kr/realestate/general/5726569,"평택 브레인시티 수자인은분양가 상한제가 적용되는 아파트로 합리적인 분양가를 자랑한다. 분양가는 3.3㎡당 평균 약 1435만 원이며, 발코니 확장을 포함해도 1453만 원 수준이다. 단지는 브레인시티 초입에 위치해 평택지제역 및 평택제천고속도로 송탄IC까지 빠르게 이동할 수 있다. 단지가 위치한..."
분양가 상한제,"청주테크노폴리스, 아테라 2차 아파트 분양가 1295만 원 결정",https://www.thepublic.kr/news/articleView.html?idxno=255842,"2025년 3월분양가상한제적용주택의 기본형건축비 및 가산비용 고시에 따른 기본형 건축비 상승분을 반영했다. 발코니 확장비용은 84AL타입은 1126만 원, 84AH타입은 1천122만 원, 84BH타입은 1206만 원, 84CH타입은 1073만 원으로 책정했다. ㈜산하이앤씨, 청주테크노폴리스주택개발피에프브이㈜가 시행하고..."
분양가 상한제,분양가 상승세 속 울산에 분상제 아파트 나온다... ‘태화강 에피트’ 4월 분양,https://biz.heraldcorp.com/article/10449675?ref=naver,"지하1층~지상15층 5개 동 전용면적 84·101·108㎡ 3개 타입, 307세대 규모 사진-‘태화강 에피트’ 투시도(제공-HL디앤아이한라) HL디앤아이한라는 울산 태화강 인근 공공택지에분양가 상한제아파트인 ‘태화강 에피트’를 4월에 분양한다고 25일 밝혔다. 울산 태화강변주택지구에 들어서는 ‘태화강 에피트’는..."
분양가 상한제,2월 전국 아파트 3.3㎡당 분양가 3천120만원…첫 3천만원 돌파,https://www.yna.co.kr/view/AKR20250312036800003?input=1195m,"원페를라의 분양가는분양가 상한제적용에도 전용 84㎡ 기준 22억∼24억원대였다. 지난달 시도별 평균 분양가를 보면 서울이 3.3㎡당 6천941만원으로 작년 1월(9천608만원) 이후 13개월 만에 가장 높은 가격을 기록했다. 이어 부산(2천409만원), 대구(2천399만원) 순이었으며 대전(1천664만원)과 울산(1천551만원)..."
분양가 상한제,"합리적 분양가·특화설계 갖춘 ‘에코델타시티 아테라’, 31일 청약 스타트",https://www.viva100.com/article/20250325501365,"특히분양가 상한제가 적용되는 만큼 합리적인 분양가를 갖출 예정이다. 꾸준히 치솟고 있는 분양가 상승 기조에 더해 물가, 금리, 인건비 등의 상승으로 내 집 마련에 나서는 수요자들의 자금 마련 부담이 커진 만큼, 실수요자들의 관심을 받을 것으로 예상된다. 이 단지의 전용면적 84㎡는 청약통장 가입기간..."
분양가 상한제,청약 당첨도 부담… 분양가 평당 3000만 첫 돌파,https://www.kmib.co.kr/article/view.asp?arcid=1741769762&code=11151500&cp=nv,"원페를라는분양가 상한제가 적용됐음에도 전용 84㎡ 기준 분양가가 22억∼24억원대로 높았다. 부동산 업계 관계자는 “계엄 등 정치적 이슈, 명절 등으로 연초 분양시장이 요동치고 있다. 서울의 분양 여부에 따라 전국 평균 분양가가 오르내리고 있으나 장기적으로 아파트 분양가는 올해 계속 오를 것”..."
분양가 상한제,전국 아파트 분양가 3000만원 시대… 서울·지방 격차 더 벌어졌다,http://www.segye.com/newsView/20250312506211?OutUrl=naver,"국토교통부는 최근 ‘분양가 상한제’가 적용된 아파트의 기본형 건축비를 인상했다. 이는 자재비·노무비 상승으로 인해 향후 분양가가 더 오를 수밖에 없는 환경이 조성되고 있다는 신호다. 아파트 분양가가 치솟자, 봄철 분양을 노리는 실수요자들이 서둘러 움직이는 분위기다. 전국 주요 단지 분양..."
분양가 상한제,"우미건설, ‘부산 장안지구 우미린 프리미어’ 분양 …분양가 상한제 적용",https://www.nspna.com/news/?mode=view&newsid=744989,부산 장안지구 우미 린 프리미어는분양가 상한제가 적용된 단지다. 우미건설 관계자는 “장안지구는 도시 계획에 따라 주거·교육·생활 인프라 조성뿐만 아니라 다수의 산업단지가 밀집한 지역”이라며 “단지는 부산 신세계 프리미엄 아울렛과 도보권에 위치해 편리한 쇼핑·여가 환경 등도...
분양가 상한제,"교산 신도시청약 본청약 임박, 분양가 상승폭에 관심 집중",https://www.job-post.co.kr/news/articleView.html?idxno=137407,"다만 하남교산 A2블록은 사업비 상승률이 비교적 낮고,분양가 상한제가 적용되기 때문에 분양가 인상폭이 제한적일 수 있다는 기대도 나온다. 청약 방식은 일반공급 기준 청약가점이 아닌 청약통장 납입액 순으로 결정되며, 고양창릉 본청약 사례를 기준으로 보면 높은 납입액 경쟁이 예상된다. 업계는..."
분양가 상한제,"우미건설, 부산 장안에 분양가 상한제 단지…4월 분양",https://www.dnews.co.kr/uhtml/view.jsp?idxno=202503171823207500436,"분양가 상한제가 적용된 단지로 실수요자의 내 집 마련 수요가 기대된다. 단지는 부산 신세계 프리미엄 아울렛과 도보권에 있다. 앞서 이 아울렛은 지난해 9월 2단계 재개장(리뉴얼)도 마쳐 기존 입점 브랜드가 기존 170개에서 270개로 늘었다. 단지 인근에는 초등학교도 예정돼 있으며, 장안중ㆍ부산..."
분양가 상한제,"일신건영, '원종 휴먼빌 클라츠' 4월 분양 예정…분양가상한제로 경쟁력↑",http://www.fntimes.com/html/view.php?ud=202503171712375266b372994c95_18,분양 관계자는 “원종 휴먼빌 클라츠는 경기도에서도 서울 접근성이 뛰어난 곳에 들어서는 데다 인근으로 대규모 개발이 진행되면서 오픈 전부터 문의가 꾸준히 오고 있다”며 “특히분양가상한제로 가격 경쟁력까지 갖추다 보니 실수요자들을 중심으로 더욱 주목받는 분위기”라고 전했다. ‘원종...
분양가 상한제,분양가상한제 아파트 기본형 건축비 1.61% 인상…1㎡당 214만원,https://www.newsis.com/view/NISX20250227_0003081365,"국토교통부(장관 박상우)는분양가상한제주택에 적용되는 기본형건축비를 내달 1일 정기고시한다고 28일 밝혔다. 기본형건축비는분양가상한제가 적용되는 주택의 분양가 상한을 구성하는 항목(택지비+기본형건축비+택지 가산비+건축 가산비) 중 하나로 6개월마다 정기적(매년 3월 1일, 9월 15일)으로..."
분양가 상한제,’토허제’가 쏘아 올린 서울 집값 상승..하반기 분양가까지 끌어올리나,http://kpenews.com/View.aspx?No=3585982,기본형건축비는분양가상한제적용 아파트의 상한선을 구성하는 항목 중 하나로 국토부는 이달 1일부터 1.61% 인상했다. 간접공사비와 노무비 등의 영향으로 1㎡당 214만원이 된 것이며 3.3㎡당 건축비는 706만원 수준으로 확인됐다. 물론 기본형건축비는 분상제 단지 분양가의 직접적인 요인이다. 하지만...
분양가 상한제,분양가상한제 ‘회천중앙역 로제비앙 그랜드센텀’분양,https://www.dnews.co.kr/uhtml/view.jsp?idxno=202503190929316870644,"이런 가운데 경기 양주시 회천지구에서분양가상한제가 적용되는 새 아파트가 선보인다. ㈜대광건영은 경기도 양주시 회정동 819번지(회천지구 A11블록) 일원에 짓는 ‘회천중앙역 로제비앙 그랜드센텀’을, 다음 달 분양할 예정이다.분양가 상한제가 적용, 주변시세 대비 합리적인 분양가로 공급돼 가격..."
분양가 상한제,서부산 요지에 '에코델타시티 아테라'... '분상제'로 합리적 분양가 [분양돋보기],https://www.hankookilbo.com/News/Read/A2025031809280003044?did=NA,또분양가 상한제가 적용돼 실수요자들에게 합리적인 선택지가 될 것으로 보인다. 입주민의 주거 편의성을 높이는 합리적인 주거 동선과 효율적인 공간 구성도 돋보인다. 59㎡C 타입의 경우 안방에 파우더룸과 드레스룸이 설치돼 공간 분리를 통한 효율적인 공간 활용이 가능하다. 84㎡A 타입에는 옵션에 따라...
분양가 상한제,[부동산 트렌드] 분양가 상승·공급 부족에 대출규제까지,http://www.sisacast.kr/news/articleView.html?idxno=70643,"이밖에 상반기에 기대되는분양가상한제단지로는 경기에서는 하남 교산지구 A-2블록(1115가구), 평택브레인시티 공동 10블곡(1420가구), 성남 금토지구1차대방디에트르 A6블록(199가구), 군포 대야미지구 B1블록(492가구) 등이 있다. ■ 대출규제 감안해야 오는 7월부터는 3단계 스트레스..."
분양가 상한제,2월 전국 아파트 3.3㎡당 분양가 3천120만 원‥첫 3천만 원 돌파,https://imnews.imbc.com/news/2025/econo/article/6694990_36737.html,분양가가 상승한 것은 전국적으로 분양 물량이 대폭 감소한 가운데 분양가가 높은 서울 강남권에서 신규 분양이 있었기 때문으로 보입니다. 지난달 전국 분양물량은 1천631가구였으며 지난달 분양한 서초구 방배동의 '래미안 원페를라'는분양가 상한제적용에도 전용 84㎡ 기준 22억∼24억 원대였습니다.
분양가 상한제,"3.3㎡당 평균 분양가 3000만원 첫 돌파… ""지금이 가장 저렴한 시기""",https://www.dt.co.kr/contents.html?article_no=2025031802109923083002&ref=naver,"한 부동산 전문가는 ""최근의 분양가 급등은 일시적인 현상이 아니라 자재비, 노무비, 간접 공사비 등 전반적인 건축 원가 상승이 반영된 결과""라며, ""정부도분양가 상한제적용 단지의 기본형 건축비를 상향 조정한 만큼 향후 분양가 하락 가능성은 낮다""고 말했다. 이어 ""현재의 분양가는 앞으로 더 오를..."
분양가 상한제,분양가 더 오른다…기본형 건축비 1.6% 인상,https://www.busan.com/view/busan/view.php?code=2025022807595769224,"서울 강남 3구(서초·강남·송파)와 용산 등분양가상한제가 적용되는 아파트의 분양가격이 오를 전망이다. 국토교통부는분양가상한제기본형 건축비를 기존 ㎡당 210만 6000원에서 1.16% 오른 214만 원으로 정시 고시한다고 28일 밝혔다. 노무비와 간접 공사비 등이 오른 영향으로, 평(3.3㎡)당 기본형..."
재건축 완화,강북 재건축 대어 '미미삼' 재건축 '시동' [현장],http://www.inews24.com/view/1828378,50%로완화돼 미미삼 아파트도 요건을 충족했다. 정비계획 입안 제안 요청 후 정비계획안이 확정되면 정비계획 및 정비구역 지정 절차를 밟는다. 이와 맞물려 재준위는 정비구역 지정 전에재건축추진위원회 설립 준비도 병행할 계획이다. 오는 6월 시행하는 '재건축패스트트랙법'에 따라 정비구역 지정...
재건축 완화,"부산 남구, 준공업·준주거 건축물 높이 완화 추진",https://www.yna.co.kr/view/AKR20250328099500051?input=1195m,"올해 안에 주민 의견 청취와 구 건축위원회 심의를 거쳐 용역을 마치고, 내년 초완화하는 것을 목표로 한다. 남구는 재개발·재건축, 도로 개설 등 각종 개발사업으로 변화하는 도시환경에 맞춰 새로운 높이 기준이 필요하다는 입장이다. 남구 관계자는 ""용역을 통해 합리적 범위에서 관리 계획을 수립하고 도시..."
재건축 완화,조합 설립 앞둔 '한강뷰' 여의도 삼부아파트…시동 거는 재건축,https://www.news1.kr/realestate/general/5735532,"3㎡) 정도 이득을 보는 것에 불과하다""며 ""향후 한강 조망권으로 인한 가치 차이를 고려한다면 함께 통합방식의재건축을 진행하는 것이 주민들의 이익을 극대화하는 길""이라고 주장했다.완화된 기준에 탄력받은 조합 설립…""이익을 위해 노력"" 5월부터 개정된 도시 및 주거환경정비법이 적용돼 조합설립을..."
재건축 완화,"망우1구역·중곡아파트, 공공재건축 통해 사업성 ↑",https://www.hankyung.com/article/202503286139i,"공재건축은 열악한 사업여건, 주민 갈등 등으로 사업 진행이 어려운재건축구역에 공공이 참여하여 용적률완화등의 혜택을 통해 사업성 개선, 인허가 절차 지원을 통해 속도감 있는 사업추진, 투명성이 강화되는 정비사업이다. 망우1구역과 중곡아파트도 노후도가 높으나 사업성이 낮아 사업추진이 정체된..."
재건축 완화,한강변 정비사업 암초 '공공기여 10%룰' 이달부터 완화,http://www.fnnews.com/news/202503261834114520,서울시가 신속통합기획을 포함한재건축·재개발 정비사업에서 그동안 한강변에 일률적으로 10%를 적용하던 기부채납 등 의무 공공기여 비율을 구역에 따라완화한다. 도시규제지역 종상향시 공공기여 비율도완화하는 등 사업성 향상을 통해 공공임대주택을 포함한 주택공급 확대에 나선다는 계획이다. 26일...
재건축 완화,'얼죽신' 이어 '얼죽재' 왔다는데…재건축 아파트 전망은 ?,http://www.m-i.kr/news/articleView.html?idxno=1221891,"정부의재건축규제완화기대감이 시장에 반영되며, 준공 30년 초과 아파트의 가격이 상승하는 등 수요자 움직임에 변화가 감지되고 있다. 정부가 아파트 공급부족을 해결하기 위해재건축아파트 안전진단완화등의 제도 카드를 내밀자 향후재건축추진이 용이하게 될 것이란 기대감이 확산되고 있다...."
재건축 완화,"현대·롯데 컨소시엄, 1.7조 망미주공 재건축 시공권 확보",https://www.nocutnews.co.kr/news/6313319?utm_source=naver&utm_medium=article&utm_campaign=20250325100831,핵심요약 부산 두 번째 규모 대형 정비사업 본궤도 진입 두 차례 유찰 끝에 조건완화로 시공사 확정 '센텀스카이' 단지명 제안…2032년 입주 목표 광안4구역도 HDC현산 단독 수주로 사업 속도 부산 연제구 연산5구역(망미주공아파트)재건축사업이 현대건설과 롯데건설 컨소시엄의 시공사 선정으로 본격...
재건축 완화,"금호두산, 1900가구 재건축 본격 추진…종상향 통해 사업성 극대화",https://biz.heraldcorp.com/article/10448688?ref=naver,"그러나 최근 정부와 서울시의 정비사업 규제완화기조에 따라재건축으로 선회했다. 준비위는 이날 설명회에서재건축추진 관련 단지 현황과 사업 추진 계획, 질의응답(Q&A) 등을 진행했다. 준비위는 서울시의 정비사업 분야 규제철폐안 관련 실행계획을 담은 ‘2030 서울특별시 도시·주거환경정비기본계획..."
재건축 완화,5월부터 조합설립 동의요건 완화… 지역 정비사업 활기 띨까,https://www.cctoday.co.kr/news/articleView.html?idxno=2209837,규정완화가 실시된다.여기에 '재건축·재개발 촉진 특례법' 제정 등 통한 추가 규제완화등도 기대되는 만큼 지역에서도 정부의 규제완화가 지역 정비사업의 활기로 이어질지 주목된다.12일 국토교통부(이하 국토부)와 한국부동산원은 코레일 대전본사에서 '주민과 소통하는 정비사업 정책설명회'를 진행했다....
재건축 완화,[문제적 규제④] 재건축 시계 빨라지는데…제자리 걷는 리모델링,http://www.shinailbo.co.kr/news/articleView.html?idxno=2027496,"<편집자 주> 최근 몇 년 규제 개선이 대거 이뤄진재건축과 달리 리모델링 분야는 제자리걸음을 하고 있다. 사업성 향상을 위한 수직 증축 도입 후 여러... ◇ ""안전 도외시 아냐…합리적 제도 필요"" 리모델링 규제완화를 위한 움직임은 지난 21대 국회에서도 있었다. 그러나 발의된 법안들은 모두 본회의 문턱을..."
재건축 완화,"소규모 건축, 용적률 300%까지 완화…""오류동 첫선""",https://www.hankyung.com/article/2025031795271,또 소규모재건축가능 사업지 2620곳의 용적률이 최대 50%완화되면 사업지별 비례율(개발이익률·재건축후 자산가치를 종전 자산가치로 나눈 비율)이 평균 30% 높아지고 전용면적 59㎡ 주택 9가구가 늘어나는 효과가 있을 것으로 추산했다. 자율주택정비사업은 개소별 10가구(전용 30㎡)가 증가할...
재건축 완화,"""강남 마지막 금싸라기""…일원역 인근 저층 단지 재건축 속도",https://www.hankyung.com/article/2025031950551,재건축으로 아파트 층수를 높일 수 있다는 뜻이다. 고도 제한은 기존 75m(13층 이하)에서 층수 제한 없는 75m로완화했다. 이들 단지는 15~25층으로 탈바꿈할 것으로 전망된다. 1993년 준공된 가람·상록수아파트는 용적률이 109%로 낮은 편이어서재건축사업성이 좋은 것으로 평가받는다. 상록수아파트 뒤편에...
재건축 완화,5월부터 조합설립 동의요건 완화… 지역 정비사업 활기 띨까,https://www.cctoday.co.kr/news/articleView.html?idxno=2209837,규정완화가 실시된다.여기에 '재건축·재개발 촉진 특례법' 제정 등 통한 추가 규제완화등도 기대되는 만큼 지역에서도 정부의 규제완화가 지역 정비사업의 활기로 이어질지 주목된다.12일 국토교통부(이하 국토부)와 한국부동산원은 코레일 대전본사에서 '주민과 소통하는 정비사업 정책설명회'를 진행했다....
재건축 완화,[문제적 규제④] 재건축 시계 빨라지는데…제자리 걷는 리모델링,http://www.shinailbo.co.kr/news/articleView.html?idxno=2027496,"<편집자 주> 최근 몇 년 규제 개선이 대거 이뤄진재건축과 달리 리모델링 분야는 제자리걸음을 하고 있다. 사업성 향상을 위한 수직 증축 도입 후 여러... ◇ ""안전 도외시 아냐…합리적 제도 필요"" 리모델링 규제완화를 위한 움직임은 지난 21대 국회에서도 있었다. 그러나 발의된 법안들은 모두 본회의 문턱을..."
재건축 완화,남산 하얀집 '탑맨션' 재건축 나선다,http://www.smedaily.co.kr/news/articleView.html?idxno=321027,"남산 경관지역에 주거전용 1종 지역으로 그동안재건축대신 리모델링이 논의됐으나, 최근 높이 제한, 용적율, 종상향 등의재건축규제완화에 따라 소규모 주택정비법에 의한재건축을 빠르게 추진하고 있다. 탑맨션은 이 지역에 몰려있는 재벌가들의 고급주택들보다 더 높은 위치에 있고, 탁 트인 한강 전망과..."
재건축 완화,"중랑구, 망우1구역 공공재건축 정비계획변경안 고시",https://www.newsis.com/view/NISX20250321_0003107795,서울 중랑구(구청장 류경기)는 망우1구역 공공재건축정비계획변경안이 지난 20일 최종 확정·고시됐다고 21일 밝혔다. 망우1구역 공공재건축은 지난해... 사업성 보정계수 2.0을 적용받아 기존 정비계획 대비 사업성이 개선되면서 조합원 재정적 부담이완화됐다고 구는 설명했다. 공영주차장·공공청사·공공...
재건축 완화,분당 양지마을 재건축 ‘방관’ 논란…제 역할 안하는 ‘성남시’,https://www.kyeonggi.com/article/20250324580354,"1기 신도시재건축선도지구로 지정된 분당 양지마을이 내홍을 겪는 가운데(경기일보 21일자 8면, 22일자 10면) 성남시가재건축동의서 검토 과정에서... 이상’으로완화됐다. 이 과정에서 시는 기준 변경 사실을 주민에게 별도로 고지하지 않았다. 기존 기준으로 받은 동의서를 그대로 유효한 것으로..."
재건축 완화,대치 미도 최고 50층 3914세대로… 재건축 정비계획 결정,https://www.kmib.co.kr/article/view.asp?arcid=1742107612&code=11131400&cp=nv,서울시는 14일 제2차 도시계획위원회 신속통합기획 정비사업 등 수권분과위원회에서 ‘대치미도아파트재건축사업 정비계획 결정 및 정비구역... 시는 이밖에 입간판 제작에 비철금속보다 저렴한 금속을 사용할 수 있도록 규제를완화해 소상공인의 부담을 덜어준다. 또 특수 차량을 도입해 침대형 휠체어...
재건축 완화,‘옛 뉴타운’ 재건축·재개발때 이 규제 사라진다,https://www.mk.co.kr/article/11267738,"서울시, 재정비촉진계획 수립기준 18년만에 개편 공공기여 의무 기준 폐지 비주거비율도완화나서 서울시가 옛 뉴타운(재정비촉진사업) 재개발·재건축에서 공공기여 의무 기준을 폐지하는 등 사업성을 대폭 높인다. 19일 시는 재정비촉진사업 사업성 개선을 위해 재정비촉진지구 내 공공기여 의무 기준을..."
재건축 완화,"광명시, 재개발·재건축 아파트 인동간격 기준 완화",https://www.news1.kr/local/gyeonggi/5719509,경기 광명시가 재개발·재건축등 주택정비사업의 아파트 인동간격(隣棟間隔) 기준을완화했다고 14일 밝혔다. 시에 따르면 '광명시 건축조례'를 개정하고 건축물이나 구조물 사이의 거리(간격)를 규정하는 인동간격 기준을완화했다. 구체적으로완화된 기준을 적용받는 건축물은 채광창 등이 있는...
재건축 완화,"[인터뷰] 김성철 부산재개발협회장 ""부산 건설경기 심각, 규제완화 요청""",http://www.hg-times.com/news/articleView.html?idxno=270676,"그중 공사비를 줄이고 사업성을 높일 수 있는 방법 중 하나가 규제완화다. 용적률과 재개발ㆍ재건축관련 공공기여 비율 등이 대표적이다. 본지와의 인터뷰에서 김성철 부산재개발협회장은 ""최근 부산 건설경기가 심각한 상황인데도 부산시는 오히려 규제들을 추가해 많은 현장들이 어려움을 겪고 있다""며 ""이에..."
재건축 완화,서울시의 소규모 재건축 용적률 한시적 완화… 실효성은 의문,https://www.newscj.com/news/articleView.html?idxno=3246603,"이번완화대상은 대규모 재개발·재건축이 아닌 ▲부지 1만㎡ 미만의 소규모재건축▲부지 5천㎡ 미만의 소규모 재개발 ▲36세대 미만의 자율주택정비사업 등이다. 그러나 이러한 사업들은 본래 높은 분담금과 낮은 비례율 문제로 인해 활성화되지 못했던 곳이 많다. 특히, 기존의 노후 주택을 개량하거나..."
재건축 완화,"금호두산, 1900가구 초대형 재건축 본격 추진",https://www.dnews.co.kr/uhtml/view.jsp?idxno=202503230933538240166,리모델링 접고재건축으로…주민설명회 첫 개최 3호선 금호역 초역세권 등 “종상향 조건 충족” 서울 성동구 금호동 금호두산 아파트가재건축... 최근 정부와 서울시의 정비사업 규제완화기조에 따라 금호두산은 정책 수혜단지로 부상했다. 준비위는 서울시의 정비사업 분야 규제철폐안 관련...
재건축 완화,"광명시, 재개발·재건축 126가구 매입해 신혼부부·청년 등에 임대",https://view.asiae.co.kr/article/2025032010080542647,"이번 공급 물량은재건축·재개발 과정에서 조합이 용적률완화인센티브를 조건으로 제공한 주택을 표준건축비 기준 가격에 매입해 이를 임대주택으로 공급하는 것이다. 매입자금은 시가 광명도시공사에 출자한 150억원이 재원이다. 박승원 광명시장은 ""젊은 세대의 주거 부담을 낮추고 안정적인..."
재건축 완화,"[헬로 이슈토크] 11단지 재건축 확정, 목동 재건축 속도 내나?",http://news.lghellovision.net/news/articleView.html?idxno=500730,"탄력받는 목동재건축시장…규제완화효과? 이재국/ 엄격했던 '안전진단' 기준완화로 부담 줄어 정비구역 지정 전 조합설립추진위 구성 가능 신속통합 기획 통해 기존 약 2년 걸리던 심의를 6개월로 단축 2-1. 상반기내 14개 단지 정비 계획 공람 마무리 가능할까? 이재국/ ""정비구역 지정 이후에도 넘어야할 산..."
재건축 완화,군포 4.2 보궐선거 후보 3인 모두 재건축∙재개발 전면에 내세워,http://www.mediagunpo.co.kr/19508,"노후계획도시 정비 및 지원에 관한 특별법은 개별 주택단지들을 통합 정비하기 위해 특별정비구역을 지정하고재건축안전진단 면제 또는완화, 용적률 제한완화같은 인센티브를 제공하는 대신 그로 인한 초과 이익을 여러 형태의 공공기여로 환수하는 것이 골자다. 그밖에 성복임 후보는..."
재건축 완화,"재건축 조합직접설립, 상가분할·동의율 완화 '있으나마나'",http://www.arunews.com/news/articleView.html?idxno=48017,"하지만 대부분의재건축단지들이 정비구역 지정 전에 이미 상가 쪼개기에 나선다는 점을 감안하면 사실상완화조치를 적용 받을 수 없는 것이 현실이다. 결국 목동6단지의 경우 추진준비위와 상가 소유주간의 갈등이 해소됐지만, 다른 단지에서는 상가 동의 문제로 인해 조합설립이 불가능한 상황이 발생할 수..."
재건축 완화,"광명시, 재개발·재건축 아파트 간격 기준 완화 (B tv 한빛뉴스)",http://ch1.skbroadband.com/content/view?parent_no=24&content_no=59&p_no=179308,"광명시가 재개발·재건축등 주택정비사업에서 아파트 건축물 사이에 띄워야 하는 거리인 '인동간격' 기준을완화했다고 밝혔습니다. 이에따라 채광창 등이 있는 벽면으로부터 직각 방향으로 건축물 높이의 0.8배를 띄워야 했던 기준에서, 앞으로는 0.5배로완화된 기준을 적용받습니다. 광명시는 아파트 간격..."
재건축 완화,“여보 집값 오른대” 내집마련 상반기가 적기…재건축보다 신축이 유망 [부동산360],https://biz.heraldcorp.com/article/10442385?ref=naver,꾸준히 선호도가 높았던재건축보다는 신축 아파트가 유망하다는 의견도 제시됐다. 최근 계속된 공사비 갈등과 높은 추가 분담금 등으로재건축... 이 외에도 ▷주택 공급 부족 ▷국내외 경기 개선 ▷정부의 규제완화정책 ▷분양가 상승 등이 가격을 끌어올릴 것으로 봤다. 반대로 주택 매매가격이 하락할...
재건축 완화,'쪼개기'에 발목 잡힌 재건축…상가 동의율 낮추면 빨라질까,https://news.tf.co.kr/read/economy/2189127.htm,또 동별(복리시설 포함) 소유자의 2분의 1 이상 동의를 받던 것을 복리시설(상가)에 대해서는 소유자의 3분의 1 이상으로완화된다. 현행법상 상가 전체를 하나의 동으로 본다. 이에 따라 업계에서는 조합설립 기간이 대폭 줄어들 것으로 기대하고 있다. 그동안재건축사업에서 주택 입주권을 획득하거나 상가...
LTV DTI,"연소득 5000만원, 7월부터 대출 한도 최대 5000만원 줄어들어",https://www.hankyung.com/article/2025031933781,"◇LTV와DTI다른 점은 담보인정비율(LTV)과 총부채상환비율(DTI)은 주택담보대출 한도를 정할 때 적용된다.LTV가 50%면 10억원짜리 아파트를 구매하려는 개인이 받을 수 있는 주담대는 최대 5억원이다.LTV는 부동산 경기에 따라 수시로 바뀐다. 현재 무주택자와 1주택자는 비규제지역 70%, 규제지역 50..."
LTV DTI,"마포·성동 '풍선효과' 막는다…박상우 ""조정대상지역·투기과열지구 확대 검토""",https://www.nocutnews.co.kr/news/6310290?utm_source=naver&utm_medium=article&utm_campaign=20250319112715,"조정대상지역은 주택담보대출비율(LTV) 50%·총부채상환비율(DTI) 50% 규제 및 양도소득세 중과, 전매 제한 등의 규제가 적용되며, 투기과열지구엔 더 강력한 규제(LTV·DTI각 40%)가 적용된다. 현재 강남 3구와 용산구에 적용되는 해당 규제 지역 확대 지정을 검토하겠다는 건, 이번 토허제 확대 지정으로 인해 마포..."
LTV DTI,대출규제가 부동산 가격에 미치는 영향은?,https://www.obsnews.co.kr/news/articleView.html?idxno=1475267,"아파트의 기준가격이 10억 원일 때LTV가 50%까지 인정된다면 대출이 가능한 금액은 5억 원까지입니다. 두번째로DTI가 있습니다. 이는 차주의 소득 대비 얼마나 부채의 부담을 질 수 있는가를 나태내는 지표인데, 주택과 관련된 원금과 이자, 그리고 기타대출은 이자만 계산해서 연소득과의 비율을 살펴봅니다...."
LTV DTI,[PR解] '4대 은행 LTV 담합' 재조사에 업계 원성 쏟아지는 이유,https://www.the-pr.co.kr/news/articleView.html?idxno=53012,"대출자의 소득에 따라 대출한도를 파악하는DTI와는 다르게,LTV는 동산 또는 부동산 등의 담보물의 가치에 따라 대출 한도를 책정한다. 예를 들어, 고객이 특정 부동산을 담보로 대출 신청하면, 은행은 해당 부동산의 감정가액에LTV비율 산정하고 둘을 곱해 대출가능 금액을 구할 수 있다. 일반적으로..."
LTV DTI,"공정위 'LTV 담합' 재조사…은행권 ""할말하않""",https://news.mtn.co.kr/news-detail/2025021810254350997,"재조사를 통해 은행의 위법성이 인정되면 '매출의 20%'인 과징금 비율에 따라 최대 수천억원에 달하는 과징금이 부과될 수도 있다.금융당국 출신의 한 시중은행 고위 관계자는 ""LTV,DTI(총부채상환비율) 등은 대출을 억제하기 위한 당국의 규제였고 시장은 규제 하에서 최대한 대출을 많이 하기 위해 노력했던..."
LTV DTI,"""LTV·DTI 한번에 계산해주네""...핀다, 업계 최초 ‘내 집 대출한도 계산기’ 오픈",http://www.fnnews.com/news/202407311143058537,"복잡한 계산식 때문에 헤매고 있던 박 씨는 맘카페를 통해 핀다의 ‘내 집 대출한도 계산기'를 사용하면DTI와LTV를 동시에 계산하고 대출 신청까지 한 번에 가능하다는 사실을 알게 됐고, 필요한 만큼 한도가 나와서 손쉽게 대출을 신청할 수 있었다. 핀테크 기업 핀다가 자사 인공지능(AI) 기반 비교대출..."
LTV DTI,"핀다, LTV·DTI 한번에 계산하는 '내 집 대출한도 계산기' 오픈",http://www.hansbiz.co.kr/news/articleView.html?idxno=705722,"박홍민 핀다 공동대표는 ""핀다 사용자들이 주택담보대출을 알아보기 전LTV와DTI계산에 어려움을 겪고 있다는 문제를 발견했고, 시중에 있는 계산기들의 단점을 보완해 핀다 앱에서 대출 신청까지 한번에 끝낼 수 있는 솔루션을 선보이게 됐다""라며 ""핀다 계산기는 사용자가 주도적으로 의사결정을 할 수 있게..."
LTV DTI,집값 들썩이자...강남3구·용산구 전체 ‘토지거래허가구역’ 지정,https://www.chosun.com/national/national_general/2025/03/19/J6PEXFUJ6JA63NXAO64EPJNH24/?utm_source=naver&utm_medium=referral&utm_campaign=naver-news,LTV와DTI규제가 강화되고 다주택자에 대한 양도소득세가 중과되는 등의 규제를 받는다. 국토부 관계자는 “이번 지정 이후에도 과열이 지속될 경우 조정대상지역과 투기과열지구 추가 지정도 검토할 것”이라고 했다. 주택담보대출을 비롯한 금융·가계 대출 관리도 강화한다. HUG 전세자금대출 보증비율...
LTV DTI,[부동산DNA] LTV·토허제...부동산 규제 뭐가 있나,https://www.fetv.co.kr/news/article.html?no=181134,"조정대상지역에서는LTV,DTI규제는 물론, 새로 분양받은 주택의 권리를 일정 기간 동안 팔지 못하게 하는 분양권 전매 제한과 무주택자나 해당 지역에 거주한 사람에게 청약 기회가 우선적으로 주어지는 1순위 청약 자격 제한 규제가 적용될 수 있다. 조정대상지역의 목표는 단순히 부동산 투기를 막는 것이..."
LTV DTI,[토크ON] ③ 7월 '스트레스 DSR 3단계'···부동산 시장 더 위축되나?,https://dgmbc.com/article/UxYR2xB30ZVr9K9_yELM2,"대출을 규제하는 수단으로LTV,DTI, DSR이라는 게 있습니다. 단순하게 말씀드리면, LTV(담보인정비율)는 부동산의 담보 가치만을 기준으로 대출해 주는 방식입니다. DTI(총부채상환비율)는 부동산 소유자의 소득, 즉 상환 능력을 보고 대출해 주는 방식인데, 주택담보대출의 원리금에 다른 부채의 이자를 합산하여..."
LTV DTI,전세사기 피해자 위한 LTV·DTI 등 대출규제 완화 조치 연장,http://news.mt.co.kr/mtview.php?no=2024062618230290765,완화된LTV(담보인정비율)·DSR(총부채원리금상환비율) 규제를 적용받는다. 구체적으로 전세사기 피해자의 주택담보대출은 최대 4억 한도 범위에서 DSR·DTI(총부채상환비율) 적용이 제외된다. 또 피해 주택 경락자금 낙찰가액의 전액(100%)을 대출받을 수 있다. 일반 주택구입 목적 주담대는 비규제지역에 한해...
LTV DTI,송도 집값 비밀 A to Z…서울 부동산 규제에 롤러코스트[집슐랭],https://www.sedaily.com/NewsView/2GQ4LFP8WU,박근혜 정부가 2014년 7월LTV는 70%로DTI는 60%로 주택담보대출 규제를 완화한 이후 다시 서울 부동산 가격이 올랐고 송도 부동산 가격은 상승세가 둔화했다. 코로나19 팬데믹 시기와 맞물린 송도의 두 번째 상승기에도 어김없이 정부의 서울 부동산 규제 대책이 쏟아졌다. 문재인 정부는 2019년 12월에 15억...
LTV DTI,[김슬기의 친절한 복덕방] ⑱ LTV·DTI·스트레스 DSR…알쏭달쏭 주택대출 용어,https://www.ajunews.com/view/20240417162343286,LTV와DTI모두 주택담보대출의 한도를 결정하는 데 쓰인다. DSR은 총부채원리금상환비율을 뜻하는 말로 소득 대비 갚아야 할 원리금 비율을 뜻하는 지표다. 최근 정부는 스트레스 DSR 제도를 도입했는데 스트레스 DSR은 변동금리 대출 등을 이용하는 차주가 대출 이용기간 중 금리 상승으로 인해 원리금...
LTV DTI,송도 집값 폭등할때마다 공통적으로 나타난 현상은[집슐랭],https://www.sedaily.com/NewsView/2GQ43WMBCG,박근혜 정부가 2014년 7월LTV는 70%로DTI는 60%로 주택담보대출 규제를 완화한 이후 다시 서울 부동산 가격이 올랐고 송도 부동산 가격은 상승세가 둔화했다. 코로나19 팬데믹 시기와 맞물린 송도의 두 번째 상승기에도 어김없이 정부의 서울 부동산 규제 대책이 쏟아졌다. 문재인 정부는 2019년 12월에 15억...
LTV DTI,LTV·DTI·스트레스 DSR…주택대출 받으려면 꼼꼼히 따져야,https://www.hankyung.com/article/2024032029091,"○LTV와DTI다른 점은LTV와DTI는 주담대 한도를 정할 때 적용된다. 예를 들어LTV가 50%면 10억원짜리 아파트를 구매하려는 개인이 빌릴 수 있는 주담대는 최대 5억원이다.LTV는 부동산 경기 상황에 따라 수시로 바뀌는데, 현재 무주택자와 1주택자는 비규제지역 70%, 규제지역 50%의LTV를 적용받는다...."
LTV DTI,[채널A 경제시그널 전문]지금! 강남 아파트 사 말어?…삼성 시총 넘은 ‘팔란티어’ 집중,https://www.ichannela.com/news/main/news_detailPage.do?publishId=000000458272,"◆ 이광수 : 대출 규제의 핵심은LTV와DTI입니다. ◇ 조현선 : 그렇죠. ◆ 이광수 : 하나도 안 건드리잖아요. ◇ 조현선 : 그렇게 하면 그렇기는 한데 그런데 왜 대출이 힘들다고 하는 거예요, 그러면? ◆ 이광수 : 대출이 힘들다는 게 아니고 그러니까 DSR을 일부 적용했기 때문인데 그거는 가상금리를 올려서 금액이..."
LTV DTI,집 있으면 대출 막은 이복현 금감원장의 다음 칼…文 정부 LTV 부활하나,https://realty.chosun.com/site/data/html_dir/2024/09/05/2024090502598.html,"문 정부는 2017년 8·2 부동산 대책을 시작으로 지역별 주택담보대출비율(LTV,DTI) 규제를 강화했다. 서울·수도권 지역을 규제지역, 비규제지역으로 나누고 지역과 차주의 주택 보유수에 따라 주담대 한도를 차등 적용했다. 한 때는 서울 등 투기지역에서 LTV 비율이 40%까지 낮아졌다. 집값이 9억원인 경우..."
LTV DTI,'가계부채와의 전쟁' 금융당국…DSR 한도 축소ㆍLTV 강화 검토,http://www.newsfc.co.kr/news/articleView.html?idxno=66218,중심으로 가계부채도 급증했던 2000년대 중반LTV규제를 강화하고 총부채상환비율(DTI) 규제를 도입한 바 있다. 글로벌 금융위기 이후 경기를 부양하기 위한 저금리 정책이 지속에 정부의 부동산 규제 완화로 부동산 가격과 가계대출이 급등했던 2015∼2016년에도LTV와DTI규제를 크게 강화했었다.
LTV DTI,[잊힌 전세사기]②LTV·DTI 완화 적용 '0건',http://www.inews24.com/view/1634781,◇전세사기 특별법에 따른LTV·DTI완화 적용 사례 없어 국회 정무위원회 소속 오기형 더불어민주당 의원(서울 도봉구을)이 금융감독원으로부터 제출받은 자료에 따르면 전세사기 특별법을 시행한 지난 6월 1일부터 지난 7월 말까지 전세 사기 피해자 중 은행에서 주택 구매 목적으로 주택담보대출의 LTV...
LTV DTI,[뉴스락 특별기획│2025 부동산 시장 긴급진단] 대출이 무너져도 솟아날 구멍은 있다,http://www.newslock.co.kr/news/articleView.html?idxno=101398,주택담보대출 발목잡는LTV·DTI가 뭔데 정부가 가계대출 증가세를 억제하기위해 주택담보대출 규제 강화에 나섰다. 부동산 시장의 불안정성이 커지면서 대출 규제의 실효성 제고가 시급하다는 판단에 따른 것이다. 느슨한 대출 규제로 인해 시장에 자금이 과도하게 유입되면 집값은 걷잡을 수 없이...
LTV DTI,"한은 “LTV·DTI 규제 강화, 2017년 이후 경제적 불평등에 영향 없다”",https://www.nongmin.com/article/20230710500513,"보고서는 개인의 대출한도를 얼마나 제한할지 정하는 기준인LTV·DTI등 거시건전성 규제가 경제적 불평등으로 연결됐을 가능성을 점검했다. 2017년부터 강화된LTV·DTI규제를 규제 충격으로 보고, 패널 이중차분법을 이용해 우리나라 가구의 부채와 주택자산에 미친 영향을 분석했다.LTV·DTI규제는 2014년..."
LTV DTI,"한은 “LTV·DTI 규제 강화, 부채 불평등 낮춰도…주택자산 영향 없어”",http://www.metroseoul.co.kr/article/20230710500461,"-한국은행 ‘BOK이슈노트: 거시건전성 정책이 우리나라 가구의 부채 및 자산 불평등에 미친 영향' 발간 -LTV·DTI, 부채불평등 완화…집값 모멘텀 못 꺾어 서울 남산에서 바라본 도심 아파트의 모습/뉴시스 가계대출 감소를 위해 시행한 주택담보대출 규제가 자산 상위가구의 자금조달을 억제시켜 부채의..."
LTV DTI,LTV·DTI·DSR…주담대 '규제 삼형제' 아시나요?,https://www.hankyung.com/economy/article/2023070936751,"LTV와DTI는 주택담보대출 한도를 정할 때 쓰이고, DSR은 대출 종류와 무관하게 모든 빚의 총량을 규제하는 장치다. 우선LTV는 주택 가격 대비 주담대 한도액의 비율을 의미한다. 예를 들어LTV가 50%면 10억원짜리 아파트를 구매하려는 개인이 빌릴 수 있는 주담대는 최대 5억원이다.LTV는 부동산 경기..."
LTV DTI,"""LTV, DTI, DSR?""... 주택담보대출 받기 전, 알아 두어야 할 세 가지 용어",http://digitalchosun.dizzo.com/site/data/html_dir/2023/07/03/2023070380201.html,"송정현 기자 | '내 집 마련'을 위해 은행에 주택담보대출을 받으려고 할 때, 대출 신청자는 본인의 대출 한도를 확인하는 과정에서 한 번쯤은LTV,DTI, DSR 세 가지 용어를 마주하게 된다.LTV,DTI, DSR은 금융 기관이 대출 신청자의 신용 평가 및 부동산 투자를 평가하는 데 사용되는 중요한 지표다. 금융..."
LTV DTI,文정부 LTV·DTI 규제 이후…주택자산 9% '껑충' [강진규의 데이터너머],https://www.hankyung.com/economy/article/202307105073i,10일 한국은행 김민수 금융안정연구팀 차장과 최원용 조사역이 쓴 BOK 이슈노트 '거시건전성 정책이 우리나라 가구의 부채 및 자산 불평등에 미친 영향' 보고서에 따르면 지난 2017년 이후 지역별로 차이를 두고 강화된LTV와DTI규제 이후 가계부채 증가세가 둔화되고 주택자산 가치가 증가했다.LTV는 주택...
LTV DTI,서울 규제가 부른 풍선효과…'입주장 공식'마저 안통했다[집슐랭],https://www.sedaily.com/NewsView/2GQ3PF9YGP,박근혜 정부가 2014년 7월LTV는 70%로DTI는 60%로 주택담보대출 규제를 완화한 이후 다시 서울 부동산 가격이 올랐고 송도 부동산 가격은 상승세가 둔화했다. 코로나19 팬데믹 시기와 맞물린 송도의 두 번째 상승기에도 어김없이 정부의 서울 부동산 규제 대책이 쏟아졌다. 문재인 정부는 2019년 12월에 15억...
LTV DTI,[브릿지 칼럼] 서민에게 피해주는 대출규제 개선돼야,https://www.viva100.com/article/20241125501201,"또한 분양가격에 따라서 차등적으로LTV,DTI를 적용해야 한다. 현재 규제지역인 강남3구와 용산구를 제외하고는LTV,DTI가 60~70%로 축소됐다. 비 규제지역의 경우 분양가격에 관계없이 획일적으로LTV,DTI를 적용하고 있어 분양가격에 따라 차별적으로 적용해야 한다. 예를 들어 분양가격이 적은 10억원 이하는..."
LTV DTI,"서울 아파트값, 대출금리 1%p 떨어지면 '최대 0.9%p' 더 오른다",https://www.news1.kr/economy/trend/5717986,"다만 지금처럼 정부의 거시 건전성 정책(LTV,DTI, DSR 규제 등)이 강화되는 상황에선 기준금리 인하가 가계대출·주택가격에 미치는 영향이 거시 건전성 기조 완화 때보다 3분의 2 수준까지 줄어드는 것으로 나타났다. 보고서는 ""이번 기준금리 인하 국면에서는 정부의 거시 건전성 정책 강화 기조가 지속돼 금리..."
LTV DTI,주택대출 얼마나 받을 수 있을까?…LTV·DTI·DSR 따져봐야죠,https://www.hankyung.com/economy/article/2023032125721,"○LTV·DTI·DSR, 어떻게 다른가 LTV와 DTI는 주담대 한도를 정할 때 적용된다. LTV는 주택 시세 대비 대출 한도액의 비율을 뜻한다. 예를 들어 LTV 규제 비율이 50%라면 구매하려는 주택의 시세가 1억원일 때 주담대는 최대 5000만원까지 받을 수 있다는 뜻이다. LTV는 주택 소유 여부와 규제지역 등에 따라 차등..."
LTV DTI,[단독] 전세사기 피해자 DSR·LTV 규제 완화 1년 연장한다,https://www.hankyung.com/article/202406069182i,"먼저 4억원 한도 내에서 주담대에 대한 DSR과 총부채상환비율(DTI) 규제를 적용하지 않는다. DSR은 연소득 대비 연간 원리금 상환액 비율로, 대출액이 1억원을 넘으면 차주당 40%로 규제되고 있다. 비규제지역에 대한 주담대 담보인정비율(LTV) 규제는 60~70%에서 80%까지 완화한다. 경락자금(경매 낙찰 때 필요한..."
