keyword,title,link,summary,date
전월세 상한제,전월세 상한율 ‘5%’ 상향될까…임대차2법 개편 공론화 착수,https://biz.heraldcorp.com/article/10450942?ref=naver,"그는 “전월세상한제를 보다 유연하게 적용해야 한다”며 “시장임대료가 50% 상승한 경우 상한을 25%를 두고 30% 상승한 경우 15% 오르는 식으로 시장상황을 반영할 수 있도록 하는게 어떻겠느냐”고 제시했다. [연합] 2020년 임대차2법 도입 당시, 모든 민간 주택 계약에 법을 ‘소급적용’ 시킨 정책결정이 혼란을...",
전월세 상한제,계약갱신·전월세상한제 존폐 기로...임대차2법. 제도개선 본격화,https://www.newspim.com/news/view/20250326000931,"임차인 보호·임대료 상승 억제의 두 마리 토끼를 모두 놓쳤다는 비판을 받아온 임대차 2법(계약갱신청구권·전월세상한제)이 존폐 기로에 섰다. 정부가 강력한 개선 의지를 보이는 가운데, 제도를 유지한다면 계약갱신청구권 활용 여부를 선택하거나 전월세 상한선을 유연하게 조정할 수 있도록 해야 한다는...",
전월세 상한제,"정부, 전월세 인상률 ‘5→10%로’ 손질 시동",https://www.sedaily.com/NewsView/2GQDD2L567,임대차 2법은 전월세 계약을 ‘2+2년’으로 연장하는 ‘계약갱신청구권’과 임대료 상승률을 5% 이내로 제한하는 ‘전월세상한제’를 통칭한다. 지난 2020년 당시 여당인 더불어민주당 주도로 개정돼 시행 5년째를 맞았다. 하지만 전월세 매물 잠김 현상과 가격 왜곡 문제점 등이 발생해 개선 필요성이 제기된 바...,
전월세 상한제,"정부, 전월세 인상률 10%로 손질하나",https://www.sedaily.com/NewsView/2GQDRWLCJS,임대차 2법은 전월세 계약을 ‘2+2년’으로 연장하는 ‘계약갱신청구권’과 임대료 상승률을 5% 이내로 제한하는 ‘전월세상한제’를 통칭한다. 지난 2020년 당시 여당인 더불어민주당 주도로 개정돼 시행 5년째를 맞았다. 하지만 전월세 매물 잠김 현상과 가격 왜곡 문제점 등이 발생해 개선 필요성이 제기된 바...,
전월세 상한제,[단독]서민 위한다던 임대차법… 시행뒤 가격변동성 3배↑,https://www.munhwa.com/news/view.html?no=2025032701071905238001,■ 조세재정연구원 연구 결과 계약갱신청구권·전월세상한제文정부 시행뒤 가격 들쭉날쭉 행운·불운 세입자로 극명 갈려 시장 예측 정확도도 떨어뜨려 문재인 정부에서 서민 주거안정을 위해 제정된 ‘임대차 2법(계약갱신청구권·전월세상한제)’이 당초 의도와 달리 가격 변동성을 3배 키우는 부작용을...,
전월세 상한제,"“전세인상률 상한제 유연 적용을”…정부, 임대차 2법 손질 나서나",https://www.donga.com/news/Economy/article/all/20250326/131288698/1,정부에서 과감한 결단을 내려 바꿔야 한다.”(송경호 한국조세재정연구원 정부투자분석센터장) 정부가 2020년 도입 이후 5년이 지난 임대차 2법(계약갱신청구권·전월세상한제)을 시장 상황에 맞게 바꾸기 위한 공론화 작업에 나섰다. 시장 혼란을 줄이기 위해 폐지보다는 ‘손질’에 방점이 찍혔다. 정부는...,
전월세 상한제,"'임대차법 설명 의무' 법안 두고 중개업계 볼멘 목소리 …""의무만 커져""",http://www.shinailbo.co.kr/news/articleView.html?idxno=2025226,개업 공인중개사가 임대차 계약 시 임차인에게 개정 계약갱신청구권제와전월세 상한제등 개정 임대차법에 관해 설명하는 것을 의무화하는 법안이 국회에 계류 중이다. 전세사기 여파가 여전한 가운데 임차인 보호를 강화하자는 취지다. 이를 두고 공인중개사업계에선 이미 개정 임대차법이 많은 국민에게...,
전월세 상한제,"원하는 건 '전세', 현실은 '월세'… 이유가 뭘까",https://www.sisaweek.com/news/articleView.html?idxno=223102,"'임대차 2법'은 크게 계약갱신청구권제와전월세상한제로 구성되며, 세입자가 원하면 기존 2년 전세계약에 2년을 더 계약을 연장할 수 있다. 또한, 계약 갱신 시 임대료 인상을 5% 이내로 제한한다. 고하희 부연구위원은 ""임대인들 입장에선 4년 동안 묶여 있던 전세가가 이제야 풀린 것이고, 한 번 계약하면...",
전월세 상한제,"'임대차2법' 폐지보단 유지…전문가 ""제도 유연성"" 한목소리",http://news.bizwatch.co.kr/article/real_estate/2025/03/27/0007,"2020년 7월 도입 후 5년차를 맞은 '임대차 2법(계약갱신청구권 및전월세 상한제)'에 대한 개선 움직임이 본격화했다. 전문가들은 당초 윤석열 대통령 대선 공약이었던 법안 폐지보다는 임대료 인상률 상한 개선 등 '제도의 유연화'가 필요하다는데 의견을 모았다. 제도가 어느 정도 안착했고, 장기적인 영향분석도...",
전월세 상한제,"임대차2법 개편 논의…""5% 상한율 조정 등 유연성 강화해야""",http://www.yonhapnewstv.co.kr/MYH20250328060859762,"<송경호 / 한국조세재정연구원 연구위원> ""시장 상황에 맞춰서 (전월세상한제를) 좀 유연하게 변동할 수 있도록 제도를 개선하는 것이 어떨까 생각합니다. 예를 들어서 시장 임대료가 50% 상승한 경우엔 전월세 상한 25%…"" 패널들도 제도의 전면적인 폐지보다는 현실에 맞는 조정이 필요하다고 입을 모았습니다....",
전월세 상한제,"[부동산 인사이트]“폐지냐, 개편이냐”… 기로에 선 ‘임대차 2법’",https://www.asiatoday.co.kr/view.php?key=20250305010001491,"국토연구원, 제도 폐지 등 4개 대안 제시 정부, 계약갱신청구권·전월세상한제개편 착수 임대인 “시장 정상화” vs 임차인 “주거 불안 야기” 야당 반대 등 개편 때까지 난항 예상 ""폐지냐, 수정·보완이냐"". 올해로 시행 5년차를 맞은 주택 임대차 2법(계약갱신청구권·전월세상한제)이 존폐 기로에 섰다. 제도의...",
전월세 상한제,"""주거·교육·연구 환경 개선""...소확행 3법 발의",https://www.pinpointnews.co.kr/news/articleView.html?idxno=327828,국회 교육위원회 정을호 의원(더불어민주당) 은 13일 국회 대학생 입법추진단이 제안한 법안을 보완해 ▲기숙사비 분할 납부를 명시하는 '고등교육법 일부개정법률안' ▲공인중개사가 계약갱신청구권과전월세 상한제를 의무적으로 설명하도록 하는 '공인중개사법 일부개정법률안' ▲우수 연구자 유출을...,
전월세 상한제,"""부작용에 시장 혼선""…임대차 2법 손질 나선 정부[주간 부동산 키워드]",https://www.newsis.com/view/NISX20250328_0003116963,"정부가 2020년 7월 도입된 '임대차 2법(계약갱신청구권·전월세상한제)' 개편을 위한 공론화 작업에 나섰다. 세입자를 보호하겠다는 입법 취지와는 달리 매물 감소와 전셋값 상승, 이중 가격 형성 등 부작용이 나타났기 때문이다. 29일 국토교통부가 공개한 '주택임대차 제도개선 방안 연구' 보고서에 따르면...",
전월세 상한제,"[서미숙의 집수다] 임대차 2법, 시행 5년 만에 수술대 오르나…폐지보단 손질?",https://www.yna.co.kr/view/AKR20250313152000003?input=1195m,"수요 많은 곳에 '선별 적용', 상한요율 10%로 인상 거론…정부, 조만간 공론화 폐기보다는 개선에 무게 두지만…조기 대선 등 변수 많아 향배 미지수 계약갱신요구권,전월세 상한제등 '임대차 2법' 시행이 올해로 5년 차를 맞은 가운데 제도 개선 논의가 급물살을 탈 전망이다. 2022년 5월 윤석열 정부 출범 이후...",
전월세 상한제,"임대차 2법 개선안, 전월세 시장 '대대적 변화' 예고...전월세 상한선 10% 상향 유력",https://www.greened.kr/news/articleView.html?idxno=323154,정부가 2020년 도입된 임대차 2법(계약갱신청구권제·전월세상한제)의 문제점을 해소하기 위해 제도 개선을 검토하고 있다. 이에 따라 전월세 시장에 상당한 변동이 예상된다. 폐지·자율 운영·상한 조정 등 4가지 방안이 검토 중인 가운데 전문가들은 '전월세 상한선 10% 상향 조정'을 유력하게 보고 있다. 임대차...,
전월세 상한제,“전셋값 또 오를까 불안해요”…임대차 2법 개선 추진에 세입자들 ‘한숨’,https://www.mk.co.kr/article/11274861,임대차 2법(계약갱신청구권·전월세상한제) 시행 5년을 맞아 정부가 제도 개편을 위한 움직임에 나섰다. 시장의 눈길이 쏠리는 가운데 임차인들 사이에서 전셋값 폭등이 재현될 수 있다는 우려가 커지고 있다. 27일 아파트·주택 업계에 따르면 지난 26일 오후 세종 국토연구원 강당에서는 국토교통부가 임대차...,
전월세 상한제,[집잇슈]임대차2법 손본다는데…전월세신고제는?,http://news.bizwatch.co.kr/article/real_estate/2025/02/13/0039,2020년 7월 도입한 계약갱신청구권과전월세상한제를 폐지 또는 개선하는 내용이다. 그런데 이들 법안과 함께 '임대차 3법'으로 묶이는 전월세신고제는 이번 논의에서 빠졌다. 전월세신고제로 불리는 '주택 임대차 계약 신고제'는 2020년 8월 도입돼 2021년 6월부터 시행된 제도다. 정부는 올해 5월까지 과태료를...,
전월세 상한제,"“전·월세 상한선 상향, 임대차 2법 보완 필요”",https://www.kmib.co.kr/article/view.asp?arcid=1742978476&code=11151500&cp=nv,정부가 임대차 2법(계약갱신청구권·전월세상한제) 개편을 모색하는 가운데 국책연구기관인 국토연구원이 현재 5%인 전·월세 상한선을 물가·시장 상황을 반영해 유연하게 적용하자고 제안했다. 국토연구원은 ‘임대차 특별지역’을 지정해 지방자치단체별 자율 적용으로 바꾸는 안도 제시했다. 박진백...,
전월세 상한제,2년 넘게 뭉개도 과태료 30만원?…‘전월세신고제’ 무력화되나,https://www.khan.co.kr/article/202502120600015,"문재인 정부 때 도입한 임대차 3법(전월세신고제·전월세상한제·계약갱신청구권제) 중 하나인 임대차거래 신고제도(전월세신고제)는 임대차 시장의 투명성을 높이고, 정보 비대칭을 극복해 임차인의 권리를 보호하려는 취지로 만들어졌다. 이에 따라 계약 당사자(임대인·임차인)는 계약 체결일로부터 30일...",
전월세 상한제,‘전월세 계약 미신고’ 과태료 깎아준다는 정부···‘임대차3법’ 무력화?,https://www.khan.co.kr/article/202502111100001,"문재인 정부 때 도입한 ‘임대차 3법(전월세신고제·전월세상한제·계약갱신청구권제)’ 중 하나인 임대차거래 신고제도(전월세신고제)는 임대차 시장의 투명성을 높이고, 임대인과 임차인 간의 정보 비대칭을 극복해 임차인의 권리를 보호하려는 취지로 만들어진 제도다. 이에 따라 계약 당사자(임대인...",
전월세 상한제,"""임차인 보호 명분 '전월세 상한제', 되레 임차인 내몰았다""",http://www.edaily.co.kr/news/newspath.asp?newsid=01662966639018152,"“임대차 3법 중 가장 큰 문제는전월세 상한제다. 인상률을 연 5%로 제한하니 임대인은 애초에 보증금을 높게 책정할 수밖에 없다. 이는 전세가 상승으로 이어지고, 결국 ‘전세대란’을 초래했다. 법이 오히려 임차인을 더 어려운 상황으로 몰아넣은 셈이다.” 이윤우 청백 공동법률사무소 변호사가 이데일리와...",
전월세 상한제,"[브릿지 칼럼] 전월세 상한제, 단계적 폐지 방안 마련해야",https://www.viva100.com/main/view.php?key=20240904010001157,"전월세 상한제, 단계적 폐지 방안 마련해야전월세 상한제가 도입된 지 4년이 지났다. 2020년 7월부터 시행된전월세 상한제는 임차인이 전월세 계약 갱신을 요구할 경우 전월세 가격 인상률을 5% 이내로 제한하는 제도다. 전월세 가격의 과도한 상승을 억제함으로써 임차인의 주거 안정을 도모하는데 그...",
전월세 상한제,“서울 전월세 가파르게 오를 것”...전문가 10명 중 9명이 입모았다는데,https://www.mk.co.kr/article/11196103,또 내년 주택 공급 부족과 함께 2020년에 도입된 계약갱신청구권과전월세상한제등 임대차 2법이 시행 후 4년이 초과했다는 점도 영향을 미칠 것으로 보인다. 2년 임차 계약 후 5% 상한의 임대료 인상률을 적용받은 임차인들의 추가 2년 거주가 끝나는 상황에서 임대인이 과거에 인상하지 못한 가격 상승분을...,
전월세 상한제,"""서울 전월세 가파르게 오를것"" 92%",https://www.mk.co.kr/article/11196044,또 내년 주택 공급 부족과 함께 2020년에 도입된 계약갱신청구권과전월세상한제등 임대차 2법이 시행된 지 4년을 초과했다는 점도 영향을 미칠 것으로 보인다. 2년 임차 계약 후 5% 상한의 임대료 인상률을 적용받은 임차인들의 추가 2년 거주가 끝나는 상황에서 임대인이 과거에 인상하지 못한 가격 상승분을...,
전월세 상한제,[시시비비]'2+2년' 주택 계약갱신청구권은 올바른 정책,https://view.asiae.co.kr/article/2024071516543977887,"2020년 7월 31일 도입된 계약갱신청구권과전월세상한제등 임대차2법이 이달 말이면 시행 4년을 맞는다. 계약갱신청구권(이하 갱신권)은 최초 2년 계약에서 1회에 한해 2년 재계약을 요구할 수 있는 임차인의 권리로, 계약갱신시 임대료 증액상한은 5%로 제한된다. 18대 국회 때인 2011년부터 국회에서...",
전월세 상한제,"“전월세상한제·계약갱신청구권, 전셋값 끌어올렸다”",https://www.mk.co.kr/article/11053372,계약갱신청구권과전월세상한제를 골자로 한 주택임대차보호법이 새로 계약하는 전세 가격을 10% 안팎으로 상승시켰다는 분석이 나왔다. 지난 27일 발간된 ‘재정포럼 6월호’에서 송경호 한국조세재정연구원 부연구위원은 모형을 바탕으로 임대차보호법 개정이 전세 가격에 미친 영향을 실증 분석한 결과...,
전월세 상한제,"""전월세상한제·계약갱신청구권, 전셋값 상승시켰다""",https://biz.sbs.co.kr/article_hub/20000178557?division=NAVER,계약갱신청구권과전월세상한제를 골자로 한 주택임대차보호법의 시행이 새롭게 계약하는 전세 가격을 10% 내외 상승시켰다는 분석이 제기됐습니다. 한국조세재정연구원 송경호 부연구위원은 오늘(27일) 발간한 '재정포럼 6월호'에서 이런 내용의 '주택임대차보호법 개정이 주택시장에 미친 영향'을...,
전월세 상한제,"심상찮은 전월세 시장, 탄핵 정국에 부동산 정책은 '시계제로'",http://theviewers.co.kr/View.aspx?No=3481962,정부는 당초 임대차 2법(계약갱신청구권·전월세 상한제)이 전월세 시장의 혼란을 불렀다며 폐지를 추진했다. 그러나 윤석열 대통령이 국회의 탄핵으로 직무 정지된 만큼 무산 가능성이 제기된다. 이와 더불어 공급 확대 기반을 마련하겠다며 밀었던 재건축초과이익환수제 폐지도 어려울 전망이다. 이은형...,
전월세 상한제,대출 규제에 탄핵 변수 덮친 부동산… 2025년 전월세 시장 비상,http://www.segye.com/newsView/20241215507995?OutUrl=naver,"윤 대통령 탄핵소추안 국회 통과로 임대차 2법(계약갱신청구권,전월세 상한제) 전면 재검토나 재건축 초과이익 환수제 폐지 등과 같은 윤석열정부 주요 부동산 정책이 동력을 잃고, 시장이 짙은 안갯속으로 빠져들면서 상황을 관망하는 이들이 증가할 수밖에 없기 때문이다. 이로 인해 매수 대신 일단...",
전월세 상한제,"집값 약세, 전월세 강세? 건설·부동산 '탄핵 후폭풍' 4대 관전 포인트",https://ilyo.co.kr/?ac=article_view&entry_id=484223,이에 더해 윤석열 정부가 추진해 온 ‘임대차 2법(계약갱신청구권?전월세 상한제) 폐지’ 계획이 대통령 탄핵 확정으로 무산될 경우 1년 반 넘게 상승해 온 수도권 전셋값을 그대로 떠받치는 환경을 제공할 수 있다. 주택 개발?분양업계에서는 수도권 외곽과 지방에서 이어져 온 ‘분양 찬바람’이 탄핵 정국에...,
전월세 상한제,"정부 '임대차2법 개선안'에 전문가들 ""사실상 폐기 수순... 오히려 보완·강화해야""",https://vop.co.kr/A00001667936.html,"뒤늦게 공개된 주택임대차 제도개선 방안 연구용역 결과를 두고 임대차2법(계약갱신청구권,전월세상한제)을 있으나 마나 한 식물법으로 전락시키려는 의도가 다분하다는 비판이 나왔다. 연구용역 결과가 임대차2법을 폐지하거나 그에 상응하는 수준이어서 현행보다 후퇴한 개선안이 나올 가능성이 높다는...",
전월세 상한제,[연합뉴스 이 시각 헤드라인] - 07:30,https://www.yna.co.kr/view/AKR20250324007600011?input=1195m,전문보기: https://www.yna.co.kr/view/AKR20250323036600002 ■ '전세 10년 보장' 논란속 임대차2법 개편 논의…'손질'에 무게 임대차 2법(계약갱신청구권·전월세상한제) 시행 5년이 다가오는 가운데 정부가 제도 개편을 위한 공론화 작업을 시작한다. 5년 가까이 시행 중인 제도를 폐지하면 시장 혼란이...,
전월세 상한제,[서미숙의 집수다] 이달 말 임대차2법 시행 4년…전셋값 더 오른다고?,https://www.yna.co.kr/view/AKR20240711154300003?input=1195m,"'2+2년' 계약갱신청구권 소진 물량 시장 나와 전셋값 급등 가능성 올해 4분기부터 갱신권 소진 물량은 감소…""갱신권보다 수요가 더 문제"" 전셋값 급등락시 변동성 키울 요소…""합리적 제도 개선 필요"" (서울=연합뉴스) 서미숙 기자 = 지난 2020년 7월 31일 도입된 계약갱신청구권과전월세상한제등...",
전월세 상한제,[기획] 개편 혹은 폐지…주택임대차 2법 존폐 찬반 갈려,http://www.m-i.kr/news/articleView.html?idxno=1217406,사진=연합뉴스 제공 매일일보 = 김승현 기자 | 오는 7월이면 시행 5년 차를 맞게 된 주택임대차 2법(계약갱신청구권·전월세상한제) 존폐를 두고 의견이 엇갈리고 있다. 임차인 주거안정을 위해 유지해야 한다는 의견과 임대료 급등 및 매물 감소 문제를 해결하고자 폐지해야 한다는 목소리가 맞붙은 것이다....,
전월세 상한제,임대차법 5년… “인상률 상한 손질 필요”,https://www.donga.com/news/Economy/article/all/20250327/131291610/2,정부에서 과감한 결단을 내려 바꿔야 한다.”(송경호 한국조세재정연구원 정부투자분석센터장) 정부가 2020년 도입 이후 5년이 지난 임대차 2법(계약갱신요구권·전월세상한제)을 시장 상황에 맞게 바꾸기 위한 공론화 작업에 나섰다. 시장 혼란을 줄이기 위해 폐지보다는 ‘손질’에 방점이 찍혔다. 정부는...,
전월세 상한제,"""임대차2법 개악 말라"" …녹색당 ""국토부의 임대차법 무력화 시도 규탄""",https://www.eroun.net/news/articleView.html?idxno=53172,"그러나 이는 새로운 세입자들에게도전월세 상한제를 확대 적용할 문제이지, 기존 세입자의 계속거주권을 제한할 이유가 될 수 없다. 또한 계약갱신 관련 분쟁의 주요 원인은 '실거주 사유의 갱신거절' 조항으로, 임대인의 갱신거절권을 제한하는 방향으로 개정해야 한다는 것이 녹색당의 입장이다. 녹색당은...",
전월세 상한제,"""폐지냐 보완이냐""…수술대 오르는 임대차 2법",https://www.asiatime.co.kr/article/20250218500182,"'임대차 2법(전월세상한제, 계약갱신청구권)'이 수술대에 오를 전망이다. 보완, 수정이 필요하다는 국책연구기관의 연구용역 결과가 나오면서 정부는 이를 토대로 법 개정에 나선다는 방침이다. 다만 일각에선 임대차 2법이 이미 4년 넘게 시장에서 시행돼 온 법인 만큼 폐지하거나 수정할 경우 또 다른...",
전월세 상한제,주택임대차 보호법 개정에 대한 정부정책 방향과 과제,http://www.ifs.or.kr/bbs/board.php?bo_table=News&wr_id=54798,"② 임대료 급등 방지 및 주택시장 안정전월세상한제를 통해 계약 갱신 시 임대료 인상률을 5% 이내로 제한함으로써, 단기간 내 과도한 임대료 상승을 방지할 수 있을 것으로 기대되었습니다. 임차인들은 갱신계약 시 급격한 전세금 또는 월세 인상에 대한 걱정을 덜게 되며, 임대차 시장의 변동성도 줄어들...",
전월세 상한제,토허제 재개 첫날 강남·용산 주택 거래 ‘뚝’,http://www.segye.com/newsView/20250324514835?OutUrl=naver,한편 정부는 ‘임대차 2법’(계약갱신청구권·전월세상한제) 제도 개편을 위한 공론화 작업에 돌입했다. 국토교통부에 따르면 26일 세종 국토연구원에서 ‘임대차 제도개선 토론회’가 열린다. 이번 토론회에서 국토연구원은 수정·보완을 통한 임대차 2법 제도 재설계를 제안할 것으로 알려졌다.,
전월세 상한제,임대차법 5년 만에 손보나…전월셋값 상승 부작용 해소 ‘주목’,https://www.dailian.co.kr/news/view/1462004/?sc=Naver,최근 국토교통부가 연구용역 결과 보고서를 공개하면서 임대차 2법 개편이 초읽기에 돌입한 가운데 지난 2020년 7월부터 시행돼 시행 5년차가 된 임대차 2법(계약갱신청구권·전월세상한제)이 갈림길에 섰다는 평가가 나온다. 문재인 정부 당시 임차인 보호를 위해 도입된 계약갱신청구권은 기존 전세 계약...,
전월세 상한제,"[집잇슈]'2+2년, 5% 상한' 임대차2법, 바뀌는 걸까?",http://news.bizwatch.co.kr/article/real_estate/2025/02/11/0002,"앞서 문재인 정부는 2020년 7월 계약갱신청구권·전월세상한제, 2022년 1월 전월세신고제 등 '임대차3법'을 도입했다. 그러나 새 임대차법 적용으로 '2년+2년'(계약갱신청구권), '임대료 인상률 5% 제한(전월세상한제)'이 적용되면서 전셋값 상승, 임대인-임차인 갈등 등의 각종 부작용이 시장에서 지적됐다. 윤석열...",
전월세 상한제,"[N2 뷰] '임대차 2법' 개편 논의 본격화...""폐지"" vs ""개선"" 입장차 극명",https://www.news2day.co.kr/article/20250211500227,"11일 관련업계에 따르면 국토부는 임대차 2법(계약갱신청구권,전월세상한제)에 대한 개편안을 준비 중이다. 국토부는 연구용역 결과를 공개하고 제도 폐지와 자율 적용 등의 결과를 토대로 제도 개선 작업에 착수한다는 계획이다. 국토연구원의 주택임대차 제도개선 방안 연구에 따르면 임대차 2법 도입 후...",
전월세 상한제,코앞 다가온 선거... 계약갱신청구권·전월세상한제 '임대차 2법' 운명은?,http://news.mt.co.kr/mtview.php?no=2024040815305959920,"4·10 총선이 코앞으로 다가온 가운데 선거 결과에 따라 임대차 2법(계약갱신청구권·전월세상한제)의 운명이 관심사다. 양당의 임대차 시장 안정 방안에 대한 입장차가 확연하게 갈려서다. 여당이 이기면 당초 윤석열 대통령 공약대로 임대차 2법 폐지에 힘이 실릴 전망이고, 야당이 승리하면 임대차법을 유지한...",
전월세 상한제,전세 두 바퀴 돈 임대차법···계약갱신청구권·전월세상한제 폐지?,https://www.mk.co.kr/article/10977326,"윤석열정부가 출범 당시 “폐기 수준의 개편이 필요하다”고 공언했던 임대차 2법(계약갱신청구권·전월세상한제)이 오는 8월이면 시행 만 4년을 맞는다. 통상 임대차 계약은 만료되기 최소 2개월 전부터 계약 해지나 임대료 인상 여부 등을 협의하는 만큼 임대인, 임차인 모두 계산이 복잡해지는 시기다....",
전월세 상한제,한산한 가을 이사철…쌓이는 서울 아파트 '전월세 매물',http://www.shinailbo.co.kr/news/articleView.html?idxno=1951833,"서진형 광운대학교 부동산법무학과 교수(한국부동산경영학회장)는 ""가격에 대한 피로감과 전세자금 대출 규제 등으로 거래가 이뤄지고 있지 않다""며 ""여기에 임대인들이전월세상한제에 따라 더 높은 가격에 물건을 내놓고 있는 점도 영향을 미쳤다""고 말했다. 정부의 대출 규제 기조가 지속하는 만큼...",
전월세 상한제,"계약갱신요구권·전월세상한제 합헌…""재산권 침해 없어""(종합)",http://www.newsis.com/view/?id=NISX20240228_0002643031&cID=10201&pID=10200,"헌법재판소가 계약갱신요구권 및 차임증액 제한(전월세상한제) 등이 포함된 주택임대차보호법에 대해 헌법재판관 전원 일치 의견으로 합헌 결정했다. 헌재는 28일 오후 2시부터 진행된 헌법소원 및 위헌심판 청구 판결에서 계약갱신요구권,전월세상한제등의 조항을 포함하는 주택임대차보호법 헌법소원...",
전월세 상한제,"헌재, 임대차 계약갱신청구권·전월세상한제 ‘합헌’ 결정(종합)",https://biz.chosun.com/topics/law_firm/2024/02/28/Q3ZK3QDKDBGDDKF4JF5BGUIMDA/?utm_source=naver&utm_medium=original&utm_campaign=biz,집주인(임대인)이 세입자(임차인)와의 계약을 최소 4년간 정당한 사유없이 거절할 수 없게 한 계약갱신청구권과 전월세 임대료 상승률을 5% 이내로 제한한전월세상한제가 합헌이라는 헌법재판소(헌재) 판단이 나왔다. 28일 오후 2시 헌재는 주택을 소유하고 임대하는 개인·법인이 2020년 10월 낸...,
전월세 상한제,"계약갱신청구권·전월세상한제 '합헌'... 헌재 ""재산권 침해 아냐""",https://www.hankookilbo.com/News/Read/A2024022816040004131?did=NA,"이른바 '임대차 3법'의 핵심인 계약갱신청구권과전월세상한제가 임대인의 재산권을 부당하게 축소하지 않는다는 헌법재판소 결정이 나왔다. 헌재는 28일 주택임대차보호법 6조의3, 7조 2항, 7조의2, 부칙 2조에 대한 위헌 확인 소송에서 재판관 9명 전원일치 의견으로 기각했다. 헌재는 ""임차인의 주거안정을...",
전월세 상한제,계약 갱신 청구권·전월세 상한제 4년째…개편 여부 논란,http://www.yonhapnewstv.co.kr/MYH20240516024000641/?input=1825m,"[기자] 2020년 7월 개정된 주택임대차보호법은 부동산 계약갱신청구권과전월세상한제가 핵심입니다. 세입자들은 계약갱신청구권 제도를 통해 기존 임대차 기간을 2년 더 연장할 수 있었고, 재계약시 임대료 상승 폭을 직전 계약의 5% 이내로 유지할 수 있었습니다. 오는 7월, 법 개정 4년차를 앞두고 만료...",
전월세 상한제,헌재 “임대차 갱신 청구권·전월세 상한제 합헌”,https://www.seoul.co.kr/news/society/law/2024/02/29/20240229010007&wlog_tag3=naver,이른바 ‘임대차 3법’으로 불리는 개정 주택임대차보호법(임대차법)의 ‘계약갱신청구권’과 ‘전월세 상한제’가 헌법에 어긋나지 않는다는 헌법재판소 판단이 나왔다. 임차인(세입자)의 주거 안정 보장이라는 입법 목적과 공익에 비교해 임대인(집주인)의 재산권 침해 정도가 크다고 볼 수 없다는 취지다....,
전월세 상한제,전세 사기를 직감하는 세 번의 순간.,https://slownews.kr/130038,"임대차 3법도전월세 상한제, 계약 갱신 청구권 두 개는시행되고 있지만 전월세 신고제는 제대로 시행되지 않는다. 계속 계도 기간 상태였다가 이제는 신고 의무를 위반해도 과태료를 안 물리겠다면서 사실상 무력화했다. 국토부가전월세 상한제와 계약 갱신 청구권마저 폐지를 추진하겠다고 나서는 상황이다....",
전월세 상한제,[박상길의 이슈잇슈] 탄핵 정국 속 `시계 제로`…집주인도 세입자도 속 탄다,https://www.dt.co.kr/contents.html?article_no=2024123002109919036001&ref=naver,"대표적인 정책이 '부동산 시장 정상화'를 앞세웠던 임대차 3법(계약갱신청구권,전월세상한제, 전월세신고제)이다. 특히 계약갱신청구권과전월세 상한제등 임대차 2법 시행은 전월세 가격의 단기 급등과 이에 따른 다주택자의 세 부담 전가 등으로 임차 가구의 주거 불안을 가중했다는 점에서 전면적인 손질이...",
전월세 상한제,"'임대차 2법' 폐지 검토에…유승민 ""전월세 끌어올리는 부작용 야기할 것""",http://www.joseilbo.com/news/news_read.php?uid=522631&class=32&grp=,"대통령실이 계약갱신청구권·전월세상한제등 이른바 '임대차 2법'의 폐지를 검토 중인 것과 관련해 국민의힘 유승민 전 의원이 ""어리석은 정책""이라며 ""전세시장의 불안만 자초할 것""이라고 우려했다. 유승민 전 의원은 1일 자신의 페이스북에 ""전세사기 대책을 확실하게 세우고 공급을 늘려서 서민의...",
전월세 상한제,집값 잡겠다고 대출 조였는데... 전월세 도미노 인상되나,http://news.mt.co.kr/mtview.php?no=2024082715133882556,"문제는 가을 이사철을 앞두고 신규 입주 물량 감소, 이달부터 시작된 임대차 2법(계약갱신권·전월세상한제) 만기 영향 등이 하반기 전셋값을 추가로 부추길 수 있다는 점이다. 또 전세 부담이 커지면서 일부 수요가 월세로 이동해 월세도 자극할 수 있다. 전세대출 한도가 줄고 이자 부담이 늘어나면...",
전월세 상한제,임대차 2법 4년···서울 세입자 절반 계약갱신청구권 사용,http://www.seoulfn.com/news/articleView.html?idxno=528610,"임대차 2법(계약갱신청구권·전월세 상한제) 시행이 4년을 넘긴 가운데 그간 서울에서 전월세를 재계약한 세입자 절반가량이 계약갱신청구권을 사용한 것으로 나타났다. 6일 국토교통부가 제출한 2021년 6월∼2024년 6월 3년치 서울 전월세계약 신고 자료를 분석한 결과, 갱신·신규 내역이 입력된...",
전월세 상한제,'전세 10년 보장법' 논란 커지자…5일만에 선그은 이재명,https://www.hankyung.com/article/2025031797651,"문재인 정부 때인 2020년 도입된 ‘임대차보호2법’은 계약갱신청구권과전월세 상한제(5% 이내) 도입이 핵심이다. 전세 계약 2년이 끝나면 세입자는 한 차례 계약갱신청구권을 행사해 최장 4년간 살 수 있도록 했다. 임대료 보증금 인상률은 5%로 제한했다. 세입자를 보호하자는 취지의 제도였지만, 전세 매물이...",
전월세 상한제,[오늘의 주요 일정] 계약갱신청구권·전월세상한제 헌법소원 선고,https://www.safetimes.co.kr/news/articleView.html?idxno=212686,"계약갱신청구권·전월세상한제헌법소원 선고(14:00 헌재 대심판정) ▲ 서울시청, 2024년 신년 외신기자 간담회(15:00 3층 대회의실) [정책사회] ▲ 복지부, 비상진료체계 점검(10:20 대구) ▲ 복지부, 의사 집단행동 중앙재난안전대책본부 회의(17:00 세종) ▲ 지영미 질병청장, 제8회 희귀질환 극복의 날...",
전월세 상한제,"법정 전월세전환율, 월세→전세 땐 적용 안돼[부동산 빨간펜]",https://www.donga.com/news/Economy/article/all/20240725/126120990/2,이달 말이면 ‘임대차2법’으로 불리는 계약갱신 요구권과전월세 상한제가 시행된 지 만 4년이 됩니다. 계약갱신 요구권을 소진한 물량이 나오면 집주인이 보증금이나 월세를 한꺼번에 올려 받아 가격이 더 오르는 것 아니냐는 전망도 나옵니다. ‘전세의 월세화’ 현상이 가속화되면서 요즘엔 아파트...,
전월세 상한제,뜯어고친다더니.. '尹탄핵'에 임대차2법·재초환 폐지 무산될 판,http://www.edaily.co.kr/news/newspath.asp?newsid=01361206639118848,"윤석열 대통령의 대선 공약인 임대차 2법(계약갱신청구권,전월세 상한제) 전면 개정과 재건축 초과이익 환수제 폐지 등 주요 부동산 정책이 ‘탄핵 가결’로 무산될 위기에 처했다. ‘1기 신도시 정비 선도지구 선정 결과’가 발표된 지난달 27일 오후 경기도 고양시 백송마을 1단지에 플래카드가 걸려 있다....",
전월세 상한제,[서미숙의 집수다] 탄핵 정국 속 휩쓸려갈 尹의 부동산 공약,https://www.yna.co.kr/view/AKR20241212069000003?input=1195m,"(계약갱신청구권,전월세 상한제, 전월세 신고제) 전면 재검토가 본격적인 수정 방안에 대한 논의가 시작되기도 전에 폐기될 처지에 놓였다. 대통령 탄핵과 조기 대선이 현실화할 가능성이 커지면서 수정 공약 이행도 불투명해진 것이다. 공시가격 현실화율 로드맵 폐지, 다주택자 양도소득세 완화, 재건축...",
전월세 상한제,서울 전월세 재계약 절반… 계약갱신요구권 사용,https://www.donga.com/news/Economy/article/all/20240806/126378577/2,임대차2법(계약갱신요구권·전월세상한제)이 시행된 2020년 이래 서울 아파트 전월세 재계약의 절반가량이 계약갱신요구권을 활용한 것으로 나타났다. 다만 계약갱신요구권 사용 비중은 전셋값 상승세가 두드러진 2021년 7월 70% 수준에서 최근 27%까지 낮아졌다. 6일 국토교통부가 더불어민주당...,
전월세 상한제,[이슈]‘부동산 공약’ 잘못 꺼냈다 대선정국 ‘휘청’,https://www.dnews.co.kr/uhtml/view.jsp?idxno=202503251625113130607,"한편, 정부는 시행 5년을 앞둔 임대차 2법(계약갱신청구권ㆍ전월세상한제) 제도 개편을 위한 공론화 작업에 들어갔다. 국토교통부는 26일 ‘임대차 제도개선 토론회’를 열고 정책 손질을 위한 의견 수렴에 나선다. 시장 혼란을 막기 위해 폐지가 아닌 개선에 초점을 맞추고 대안을 찾을 것으로 보인다. 그러나...",
전월세 상한제,"'文 부동산 악몽', 여야 감세 전쟁으로 다시 조명?",https://www.sisajournal.com/news/articleView.html?idxno=327399,"""3년 전 패배 안 돼""…상속세 완화까지 꺼낸 野 앞서 문재인 정부는 계약갱신청구권,전월세상한제, 전월세신고제 도입을 골자로 한 '임대차 3법(주택임대차보호법 및 부동산거래신고법 개정안)'을 강행해 비판을 받은 바 있다. 전세와 매매가를 함께 폭등시킨 동시에 종합부동산세(종부세) 부담도 심화시켜서다....",
전월세 상한제,계약갱신요구권 7월 만기… 전월세 가격 급등하나,https://www.dnews.co.kr/uhtml/view.jsp?idxno=202407021302430460327,"개정된 주요 내용은기존 계약기간 2년에 2년을 추가로 늘려 총 4년 거주를 보장하는 ‘계약갱신요구권(갱신청구권)’과 재계약 시, 임대료 상승폭을 직전의 5% 상한으로 제한하는 ‘전월세 상한제’가 골자다. 중요한 것은 임대차 2법이 지난 2020년 7월에 도입된 이후 4년이 지난 올해 7월에 계약갱신요구권이...",
전월세 상한제,오세훈·이재명 ‘부동산 정치’에 출렁이는 아파트 값 [박일근의 이코노픽],https://www.hankookilbo.com/News/Read/A2025031914480000820?did=NA,계약갱신청구권과전월세상한제를 골자로 한 임대차2법 후 보증금이 폭등한 악몽이 재연될 수 있기 때문이다. 선거 앞 어설픈 ‘부동산 정치’가 오히려 서민 주거 안정을 해칠 수 있다는 우려도 나온다. 현 임대차법은 계약 기간을 2년으로 하고 임차인이 계약갱신청구권을 한 차례 쓸 수 있도록 해 전세 4(2+2)...,
전월세 상한제,"파이터치硏 ""전월세 상한제, 2년간 실질GDP 0.2% 갉아먹어""",http://www.edaily.co.kr/news/newspath.asp?newsid=01197206635610560,전월세 상한제가 시행 2년간 우리나라 실질 국내총생산(GDP)을 총 0.2% 갉아먹었다는 분석이 나왔다.전월세 상한제의 단계적 폐지 방안을 마련해야 한다는 지적이다. 박성복 파이터치연구원 연구실장은 18일 ‘전월세 상한제의 경제적 파급효과’ 보고서에서 이같이 밝혔다.전월세 상한제는 임차인이...,
전월세 상한제,"""건물주요? 가사도우미로 버텨""…전월세상한제에 '하우스푸어' 전락",https://news.tvchosun.com/site/data/html_dir/2024/01/13/2024011390057.html,"이제는 짐으로 다가온 거예요."" 임대차 3법이 시행된 지난 4년간전월세인상률은 이전 계약의 5% 이내로 묶인 사이, 은행권 변동형 주택담보대출 금리 기준인 코픽스는 0.81%에서 4%대로 뛰었기 때문입니다. 같은 기간 한씨가 갚아야 하는 대출 원리금은 임대 수입을 추월했습니다. 은행 대출금 9600만 원을 끼고...",
전월세 상한제,임대 3법 개편 앞두고... '전월세신고제' 과태료 부과 1년 더 유예,https://www.hankookilbo.com/News/Read/A2024041810270000175?did=NA,"임대차 3법 개편을 준비하는 정부가 시장에서 논란이 되고 있는 계약갱신청구권,전월세상한제와 달리 전월세신고제는 시장 투명성을 높이는 데 도움이 된다고 보고 사실상 존치를 확정했다는 해석이 나온다. ""전월세신고제 더 발전시키겠다"" 국토교통부는 내달 말 종료 예정인 주택 임대차신고제의...",
전월세 상한제,전월세 ‘2년 단위 계약’ 유턴?,http://www.kookje.co.kr/news2011/asp/newsbody.asp?code=0200&key=20240609.99099002139,"박상우 국토교통부 장관이 종합부동산세와 재건축초과이익 환수제, 임대차 2법(계약갱신 청구권·전월세 상한제)은 없애는 것이 바람직하다는 의견을 내놨다. 9일 오전 박 장관은 KBS ‘일요진단’에 출연해 “종부세 폐지에 찬성한다”며 “부동산 수익이 많이 나는 것을 막기 위한 징벌적 과세 형태이기 때문에...",
전월세 상한제,전세사기에도 ‘전월세신고제’ 계도기간 또 1년 연장,https://www.seoul.co.kr/news/economy/policy/2024/04/19/20240419021008?wlog_tag3=naver,김인만 부동산경제연구소장은 “애초 임대차 3법 중 신고제를 먼저하고 데이터를 축적해 정확한 계약 시스템을 만든 뒤에 계약갱신청구권과전월세상한제를 시행했어야 하는데 순서가 틀렸다”면서 “전세사기도 결국 안전한 계약 시스템이 갖춰지지 않았기 때문에 발생한 건데 또 유예하는 건 이해하기...,
전월세 상한제,전월세신고제 4년째 '계도만'..오락가락 정책에 혼란 가중,http://www.dailypop.kr/news/articleView.html?idxno=77302,"바로 다음 날 시행된 다른 두 조항(계약갱신청구권,전월세상한제)과 달리 전월세신고제는 1년의 유예기간을 거쳐 2021년 6월부터 본격 시행됐다. 다만 초기에는 주로 대국민 홍보와 신고 의무화에 초점을 두고 1년간의 계도기간을 두기로 했다. 신고 의무만 부여하되 과태료는 부과하지 않기로 한 것이다....",
전월세 상한제,"[논평] ""전월세 신고제 즉각 시행해야""",http://www.nongaek.com/news/articleView.html?idxno=87587,"계약갱신청구권,전월세 상한제가 적지 않은 부작용을 일으킨 이유 중 하나도 전월세 신고제가 전제되지 않았기 때문""이라고 주장했다. 경실련은 ""정부가 임대차 시장 전반의 문제점을 해결할 의사가 있다면 다른 일을 할 것이 아니라 전월세 신고제부터 제대로 시행해야 한다""며 ""그래야 임대차 시장에 대한...",
전월세 상한제,전월세 신고제 1년 미룬 정부…임대 2법 향방은,https://www.viva100.com/main/view.php?key=20240421010006701,윤석열 정부가 출범과 동시에 ‘폐기 수준’을 강조한 임대차 2법(임대계약갱신청구권과전월세상한제도)도 어떤 개편 수순을 밟을지 관심이 모아진다.21일 업계에 따르면 임대차 2법 개선 방안은 국토연구원이 연구용역을 수행해 이달 말 결과가 나온다. 정부는 이에 앞서 다음달말 종료되는 전월세 신고제...,
전월세 상한제,'전월세 상한제' 위반 수두룩…지자체는 뭐했나,http://www.incheonilbo.com/news/articleView.html?idxno=1191880,/양진수 기자 photosmith@incheonilbo.com '인천 미추홀구 전세사기단'이 주택 임대차 계약 과정에서 '전월세 상한제'를 어긴 정황이 드러난 가운데 그동안 관할 지자체가 전세사기단에 관련 법 위반에 따른 과태료를 부과한 적이 한 번도 없어 논란이 일고 있다. 미추홀구는 지역에서 수백억원대 전세 사기를...,
전월세 상한제,"전세대책 못 내놓는 정부…전문가들 ""보증금 상한제, 아파트 임대사업자 부활 검토를""",https://www.joongang.co.kr/article/25253443,"임대차 2법(계약갱신청구권·전월세상한제) 폐지, 전세보증제도 개선, 기업형 장기임대주택 도입 등이다. 이를 통해 규제 완화, 세입자 수요 분산, 주택 공급 확대에 나선다는 계획이다. 국토부는 우선 임대차 2법 대수술을 고민하고 있다. 박상우 국토부 장관은 지난달 “임대차 2법은 원상복구 하는 것이 저...",
전월세 상한제,6월부터 전월세 신고 안하면 최대 100만원 과태료…5월 말 계도기간 종료,https://www.mk.co.kr/article/10973427,"정부는 대통령 공약 등에서 전면 재검토를 내걸었던 임대차 3법 가운데 계약갱신청구권,전월세 상한제등 임대차 2법과 전월세 신고제는 별개 사안으로 보고 있다. 임대차 2법과 달리 신고제는 정책적으로 긍정적인 효과가 커 전면 재검토 대상은 아니라는 것이다. 국토연구원이 4월 말까지 진행하는...",
전월세 상한제,전월세 신고제 계도기간 5월말 종료…6월부터 과태료 부과되나,https://www.yna.co.kr/view/AKR20240322168200003?input=1195m,"현재 정부는 대통령 공약 등에서 전면 재검토를 내걸었던 임대차 3법 가운데 계약갱신청구권,전월세 상한제등 임대차 2법과 전월세 신고제는 별개 사안으로 보고 있다. 임대차 2법과 달리 신고제는 정책적으로 긍정적인 효과가 커 전면 재검토 대상은 아니라는 것이다. 국토연구원이 4월 말까지 진행하는...",
전월세 상한제,"원희룡, '임대차 3법' 손질…""전월세상한제·계약갱신권 폐지해야""",http://www.sisajournal.com/news/articleView.html?idxno=241347,"등록임대 사업자 세제혜택 부활엔 ""등록임대 공급 확대 방향으로 가야"" 원희룡 국토교통부 장관이전월세상한제및 계약갱신청구권 폐지 필요성을 언급했다. 원 장관은 29일 오전 서울 중구 프레스센터에서 열린 관훈클럽 초청토론회에서 '임대차 3법은 폐지 수준의 개정이 필요한가'란 질문에 ""이는...",
전월세 상한제,전월세 대책·분양가상한제 대폭 수정한다…21일 발표,http://www.kukinews.com/newsView/kuk202206200041,사진=조현지 기자 정부가 이달 21일 임대차 시장 안정을 위한 임대차 보완 대책(전월세대책)과 분양가상한제개편 방안을 함께 발표한다. 정부가 내놓는 임대차 보완 대책은 8월 이후 계약갱신청구권을 소진한 세입자의 임대료 부담을 덜어주기 위해 저리의 전세대출 등 정책자금 지원을 확대하는 것이 주요...,
전월세 상한제,전월세·상한제 `손질`… 尹정부 첫 부동산대책,http://www.dt.co.kr/contents.html?article_no=2022062002100163032001&ref=naver,"이를 통해전월세물량 확대를 유도한다는 것이다. 정부는 분양가상한제로 재건축 등 정비사업 조합들이 분양을 미루는 등 주택 공급을 지연하는 요인을 보완하기 위해 정비사업에서 발생하는 비용을 분양가에 반영하는 방안도 추진하고 있다.재건축 등 정비사업 이주비, 사업비, 금융 이자 등을 가산비...",
전월세 상한제,"정부, 전월세대책·분양가상한제 개편안 21일 발표",http://www.m-i.kr/news/articleView.html?idxno=927025,정부가 21일 임대차 시장 안정을 위한 임대차 보완 대책(전월세대책)과 분양가상한제개편 방안을 발표한다. 16일 국회와 정부에 따르면 기획재정부와 국토교통부는 21일 부동산관계장관회의를 열고 이런 내용을 확정해 발표할 예정이다.전월세대책의 골자는 임차인전월세부담 완화와전월세물량 확대로...,
전월세 상한제,"""임대차3법 중 전월세상한제·계약갱신청구권 폐지해야""",http://www.m-i.kr/news/articleView.html?idxno=922899,"김실장은 ""임대인이 받는 제약이 커지면서 정부의 정책 실패에 따른 책임이 전가되는 상황""이라며 ""계약갱신청구권과전월세상한제를 유지할 수 밖에 없다면 임대인의 부담에 상응하는 인센티브를 제공할 방안을 고안할 필요가 있다""고 주장했다. 임대차 3법은 2년 계약 이후 임차인의 요구에 따라 1차례 추가...",
전월세 상한제,"분양가 상한제·전월세 대책, 주택공급 촉진 방안 [경제&이슈]",https://www.ktv.go.kr/content/view?content_id=648714,"분양가상한제개편과 더불어전월세대책도 함께 발표할 계획이라고 하죠? 김유나 앵커> 네, 그렇습니다. 신규 아파트 공급이 더디고전월세대란 우려가 커진 상황에서 부동산 시장을 안정화하기 위해 마련한 방안인데요. 주택공급 활성화에 도움이 될 수 있을지 김대호 글로벌경제연구소장과 함께 이야기...",
전월세 상한제,분양가상한제·전월세 '투트랙'으로 시장 안정 꾀해…6월중 대책 발표,https://www.tfmedia.co.kr/news/article.html?no=125941,"원 장관은 이날 새 아파트에서전월세물량이 시중에 나올 수 있도록 분양가상한제대상 아파트의 실거주 의무와 주택담보대출의 전입 요건도 손대겠다고 밝혔다. 현재상한제대상 아파트는 분양가가 시세 대비 80% 미만이면 최초 입주일로부터 3년, 80% 이상·100% 미만이면 2년 간 계약자가 실입주를 해야 한다....",
전월세 상한제,분양가상한제·전월세 '투트랙'으로 시장 안정…내달 대책 발표(종합),https://www.yna.co.kr/view/AKR20220523138451003?input=1195m,"또 계약갱신청구권,전월세 상한제등 임대차3법으로 인한 하반기 전월세 시장 불안에 대비해 6월 중으로 전월세 대책도 함께 발표한다. 최근 서울 등 신규 아파트 공급 가뭄과 전월세 시장 불안 우려가 커진 가운데 이들 '투트랙' 전략을 조기에 시행해 시장 안정을 꾀하려는 것으로 풀이된다. 분양가 상한제...",
전월세 상한제,"'전월세상한제' 시행한 서울 아파트, 전세 계약 갱신 시 평균 '1억2000만원' 필요",https://view.asiae.co.kr/article/2022052113470672196,"21일 부동산R114랩스(REP)의 시세 조사에 따르면 계약갱신청구권과전월세상한제가 시행된 지난 2020년 7월 31일부터 이달 20일까지 전국의 전셋값 상승률은 27.69%였다. 이 기간 임차인이전월세상한제5%를 적용해 재계약했고 이후 계약 생신을 염두에 둔다면, 오는 8월부터는 약 22%P에 달하는 시세...",
전월세 상한제,"'2+2년' 계약갱신청구권·'5%룰' 전월세 상한제 폐지? 개정?…""내년 중이나 가능""",http://www.newspim.com/news/view/20220727000849,"김정태 건설부동산 전문기자= 정부가 집주인과 세입자간의 분쟁 폭증과 집값 급등의 원인으로 지목된 계약갱신청구권,전월세상한제등 '임대차 2법'에 대한 논의를 본격 착수함에 따라 손질의 정도와 개정안이 언제 시행될 수 있을지에 관심이 모아지고 있다. 윤석열 대통령이 지난 20일 ""전·월세 시장 정상화를...",
전월세 상한제,"국토부·법무부, 계약갱신청구권·전월세상한제 개편 시동",https://www.hani.co.kr/arti/economy/property/1052562.html,정부가 계약갱신청구권과전월세상한제를 뼈대로 하는 ‘임대차 2법’ 개편에 시동을 걸었다. 제도 ‘폐지’까지 열어놓고 대안을 찾는다는 계획이다. 국토교통부와 법무부는 27일 “주택임대차 제도개선 티에프 착수회의를 열고 공동 연구용역과 전문가 의견수렴을 거쳐 제도개선안을 마련하기로 했다”고...,
전월세 상한제,"강북구, 임차인에 전월세 상한제·계약갱신청구권 안내",https://www.siminilbo.co.kr/news/newsview.php?ncode=1160290455256752,"구에 따르면전월세 상한제, 계약갱신청구권 등 개정 주택임대차보호법이 시행된 지 2년이 지났지만 아직도 임대인과 임차인이 피해를 입고 상황이 발생하고 있고, 임대차 재계약 시 분쟁도 지속적으로 발생 중이다. 이에 구는 '임대계약서 구민 정주권 확인 제도'를 운용함으로써 임대차 분쟁을 해결함과 동시에...",
전월세 상한제,"[제22대 국회 입법과제](45) 임대차 2법, 폐지보다 개정 통해 보완해야",http://www.newsfc.co.kr/news/articleView.html?idxno=66273,(계약갱신청구권·전월세상한제)'이 지목된다. 이달 말이면 2020년 8월부터 시행된 '임대차 2법'이 시행 4년을 맞는가운데 한 차례 계약갱신청구권을 사용한 물량이 시장에 대거 풀리면서 전셋값 상승을 부채질한다는 것이다. 이에 따라 정부와 여당은 전셋값 상승세 억제 방안으로 계약갱신청구권...,
전월세 상한제,"정부, 계약갱신권·전월세상한제 폐기 수순···떨고 있는 세입자",https://www.khan.co.kr/economy/economy-general/article/202207271110001,"임대차보호법상 계약갱신청구권제와 전·월세상한제가 도입 2년만에 사실상 폐기 수순에 들어간 것이란 해석이 나온다. 정부는 ‘임대차 시장 정상화’... 이들은 세입자의 계속 거주권 보장, (갱신계약 만료 후) 신규 임대차 계약에 대한 임대료 규제 장치 도입, 민간 임대시장의 모든전월세등록 의무화 및...",
전월세 상한제,"""전월세 상한제 활용해 재계약한 세입자, 신규 계약하려면 시세 상승분 1억2600만원 필요""",http://www.wsobi.com/news/articleView.html?idxno=162870,지난 2020년 7월 시행된 임대차3법의전월세상한제를 적용하고 계약갱신청구권을 행사해 전세계약을 연장한 서울 아파트 세입자들이 올 8월 계약을 갱신하려면 평균적으로 1억2600여만원을 마련해야한다는 분석이 나왔다. 22일 부동산R114랩스(REP)는 계약갱신청구권과전월세상한제가...,
전월세 상한제,"“빚내 집 못사면 월세 살라""...무제한 전세갱신 축소판? [부동산 아토즈]",http://www.fnnews.com/news/202503141436537676,지난 2020년 7월말에는 논란의 중심에 서고 있는 계약갱신요구권(2+2년)과전월세 상한제(5%룰)가 도입됐다. 임대차 2법은 임차인 보호 측면에서 긍정적인 면도 있지만 더 큰 부작용을 키웠다. 국토연 보고서를 보면 임대차 2법 도입 이후 전세가격 상승으로 전세수급 불균형이 확대됐다고 지적했다....,
전월세 상한제,"임대차3법 폐지 부작용 없을까···""전월세상한제 없애면 더 큰 문제""",http://www.sisajournal-e.com/news/articleView.html?idxno=263881,전면 폐지 가능성도 열어놓은 가운데전월세상한제는 임차인 보호를 위해 취지를 지켜나가되 계약갱신청구권은 제도의 경직성을 유연화하는 방향으로 손질해야 한단 조언이 나온다. 임대차3법이 집값이 안정돼야 제 역할을 할 수 있단 진단이다. 29일 관련업계에 따르면 대통령직인수위원회는 이른바 '임대차3법...,
전월세 상한제,"원희룡 ""전월세상한제·계약갱신권 바꿔야…누진적 세액감면도 가능""",https://www.news1.kr/articles/?4726565,"김진 기자,금준혁 기자 = 원희룡 국토교통부 장관이 '임대차 3법'과 관련해전월세상한제및 계약갱신청구권 폐지 필요성을 밝혔다. 원 장관은 29일 오전 서울 중구 프레스센터에서 열린 관훈클럽 초청토론회에서 '임대차 3법은 폐지 수준의 개정이 필요한가'란 질문에 ""2+2년으로 4년 뒤에 (가격이) 한꺼번에...",
전월세 상한제,文 정부 도입한 ‘전월세상한제·계약갱신청구권’ 손본다…제도 개선 TF 발족,http://www.segye.com/content/html/2022/07/27/20220727516767.html?OutUrl=naver,연합뉴스 문재인 정부 시절 도입된 ‘임대차 3법(전월세신고제·전월세상한제·계약갱신청구권)’ 중전월세상한제와 계약갱신청구권(임대차 2법)의 제도 개선을 정부가 본격 추진한다. 국토교통부와 법무부는 27일 주택 임대차 제도 개선을 위한 태스크포스(TF)를 구성해 착수 회의를 열었다고 이날 밝혔다. TF는...,
전월세 상한제,"尹정부 임대차법에 메스 대나...계약갱신청구권, 전월세상한제 조항 손 본다",https://www.mk.co.kr/economy/view/2022/336725,"여소야대 정국, 법안 통과 변수 대통령직인수위원회가 계약갱신청구권제,전월세상한제, 전월세신고제를 핵심으로 하는 이른바 ‘임대차3법’을 단계적으로 폐지하겠다고 밝혔다. 임대차3법 전면 재검토는 윤석열 대통령 당선인 공약이기도 한 만큼 어떤 식으로 손을 댈지 부동산업계 관심이 뜨겁다....",
전월세 상한제,"전월세신고제 과태료 1년 유예…""갱신권·상한제 개정 속도조절 필요""",https://www.news1.kr/articles/?4692721,"다만 계약갱신청구권과전월세 상한제등 나머지 임대차법 개정의 신호탄으로도 해석되는데, 세입자 반발 등을 고려해 속도조절이 필요하다는 조언이 나온다. 국토교통부는 이달 말 종료될 예정이던 전월세 신고제 계도기간을 내년 5월 31일까지 1년 연장한다고 26일 밝혔다. 전월세 신고제는 지난해 6월 1일...",
전월세 상한제,"윤호중, 인수위 검토 ‘임대차 3법 폐지’ 반대…‘전월세 상한제’ 도입 주장",https://biz.chosun.com/policy/politics/2022/03/30/XGNO3EWGSVERJDNPKTCMPWDSE4/?utm_source=naver&utm_medium=original&utm_campaign=biz,“대단히 교각살우의 우를 범할 우려” “임대차 3법 시행 후 무주택자 주거 안정” “신규 계약에도전월세 상한제적용해야” 윤호중 더불어민주당 비상대책위원장은 30일 대통력직인수위원회(인수위)가 ‘임대차 3법’ 폐지·축소를 검토하는 데 대해 “대단히 교각살우의 우를 범할 우려가 있다”고...,
전월세 상한제,"임대차 2법 폐지하면 전세값 안정?…""시장 혼란만 가중""",https://www.newsway.co.kr/news/view?ud=2024081417184543329,문재인 정부에서 시행된 임대차2법은전월세상한제와 계약갱신청구권의 내용을 담고 있다.전월세상한제는 임대차계약 갱신 시 임대료 증액 상한을 기존 임대료의 5% 이내로 제한한다. 계약갱신청구권은 세입자가 원할 경우 2년 계약 만료 시 1회 연장해 최대 4년 동안 계약을 이어갈 수 있다. 다만 집주인이나...,
