link,body_sample
https://www.newsis.com/view/NISX20250327_0003116022,"오세훈 ""부동산 정책, 거시경제 분석해 좀 더 정교하게"" :: 공감언론 뉴시스 :: 2025.03.29 (토) 서울 1℃ K-Artprice 프라임뉴시스 위클리뉴시스 실시간 정치 국제 경제 금융 산업 IT·바이오 사회 수도권 지방 문화 스포츠 연예 광장 포토 채널뉴시스 제휴 콘텐츠 16시간 전 > 뉴욕증시, 인플레·소비위축 우려에 급락 마감…나스닥 2.7%↓ 7시간 전 > 만달레이서 시신 발굴 잇따르며 사망자 1000명 넘어(종합3보) 8시간 전 > 미얀마 인명피해, 사망 1002명 부상 2376명으로 계속 증가(종합2보) 8시간 전 > [속보]미얀마 지진 사망 1002명 부상 2376명으로 더욱 증가…·BBC 8시간 전 > [단독]음주운전 적발된 인천 경찰 간부…""경찰 아니다"" 발뺌 의혹 9시간 전 > 미얀마 지진피해, 사망 694명 실종 68명 부상 1670명…미얀마 국가행정위(종합) 9시간 전 > 미얀마 군사정부 ""지진 사망 640명 부상 1670명으로 급증""(2보) 9시간 전 > [속보]미얀마 군사정부 ""지진 사망 694명 부상 1670명"" 10시간 전 > [속보]중대본 ""산불 사망 30명…의성 26명·산청 4명"" 12시간 전 > [속보] 경북 산불, 영양·의성서 사망자 2명 추가…총 26명 숨져 13시간 전 > [속보]중대본 ""산불 사망 29명…중상 10명·경상 31명"" 16시간 전 > 뉴욕증시, 인플레·소비위축 우려에 급락 마감…나스닥 2.7%↓ 7시간 전 > 만달레이서 시신 발굴 잇따르며 사망자 1000명 넘어(종합3보) 8시간 전 > 미얀마 인명피해, 사망 1002명 부상 2376명으로 계속 증가(종합2보) 8시간 전 > [속보]미얀마 지진 사망 1002명 부상 2376명으로 더욱 증가…·BBC 8시간 전 > [단독]음주운전 적발된 인천 경찰 간부…""경찰 아니다"" 발뺌 의혹 9시간 전 > 미얀마 지진피해, 사망 694명 실종 68명 부상 1670명…미얀마 국가행정위(종합) 9시간 전 > 미얀마 군사정부 ""지진 사망 640명 부상 1670명으로 급"
https://www.yna.co.kr/view/AKR20250328127300002?input=1195m,"우리금융 ""부동산 PF 시장 안정화 대응 방안 적극 추진"" | 연합뉴스 연합뉴스 본문 바로가기 메뉴 바로가기 국가기간뉴스 통신사 연합뉴스 국가기간뉴스 통신사 연합뉴스 최신뉴스 정치 북한 경제 마켓+ 산업 사회 전국 세계 문화 건강 연예 스포츠 오피니언 사람들 비주얼뉴스 제보 재난포털 마이페이지 로그인 검색창 열기 메뉴 열기 국가기간뉴스 통신사 연합뉴스 국가기간뉴스 통신사 연합뉴스 우리금융 ""부동산 PF 시장 안정화 대응 방안 적극 추진"" 북마크 공유 댓글 글자크기 프린트 제보 마이페이지 로그인 검색창 열기 메뉴 열기 광고 광고 북마크 공유 공유하기 카카오톡 페이스북 X 페이스북 메신저 네이버 밴드 URL 복사 닫기 URL이 복사되었습니다. 댓글 글자크기 본문 글자 크기 조정 폰트 1단계 13px 폰트 2단계 16px 폰트 3단계 18px 폰트 4단계 20px 폰트 5단계 22px 닫기 프린트 제보 최신뉴스 우리금융 ""부동산 PF 시장 안정화 대응 방안 적극 추진"" 송고 2025-03-28 15:56 송고 2025년03월28일 15시56분 세 줄 요약 세 줄 요약 우리금융그룹은 28일 ""부동산 프로젝트 파이낸싱 시장 안정화를 위해 다양한 대응 방안을 적극적으로 추진하겠다""고 밝혔다. 우리금융은 특히 저축은행 PF 대출 정리와 재구조화를 위해 추진하는 '저축은행업권 공동펀드' 참여를 검토하고 있다고 전했다. 우리금융은 ""향후 부동산 PF 정책에 발맞춰 민간 자율사업 재구조화 등 부동산 시장 안정화에 적극적으로 참여할 예정""이라고 강조했다. 인공지능이 자동으로 줄인 '세 줄 요약' 기술을 사용합니다. 전체 내용을 이해하기 위해서는 기사 본문과 함께 읽어야 합니다. 제공 = 연합뉴스&NAVER MEDIA API 닫기 한지훈 기자 구독 구독중 이전 다음 저축은행 공동펀드 참여 검토 이미지 확대 우리은행 본점 [우리은행 제공] (서울=연합뉴스) 한지훈 기자 = 우리금융그룹은 28일 ""부동산 프로젝트 파이낸싱(PF) 시장 안정화를 위해 다양한 대응 방안을 적극적으로 추진하"
http://www.segye.com/newsView/20250327513865?OutUrl=naver,“부동산으로 흘러간 대출 ‘2682조원’”… 절반은 가계대출 | 세계일보 스포츠월드 세계비즈 구독신청 mPaper RSS 로그인 회원가입 세계일보 구글 페이스북 네이버 포스트 X 트위터 유튜브 3 월 29 일 (토) 비즈 뉴스 정치 사회 문화 전국 피플 오피니언 일반 금융ㆍ증권 보험 부동산ㆍ건설 ITㆍ과학 산업ㆍ기업 자동차 쇼핑ㆍ유통 취업ㆍ창업 재테크 연재물 선학평화상 환경 드론 전체메뉴 검색 뉴스 정치 일반 대통령실 국회ㆍ정당 선거ㆍ선관위 외교ㆍ안보 국방 북한ㆍ통일 사회 일반 검찰·법원 노동·복지 환경·날씨 교통·항공 교육·학교 사건 해외 국제 일반 미국·캐나다 중국 일본 아태 유럽 중동·아프리카 특파원 러시아 중남미 문화 일반 미디어 종교·학술 공연 미술 건강 레저 문학 음식 위크엔드 패션·뷰티 결혼·육아 전국 일반 서울 경기 강원 충청 영남 호남 제주 피플 일반 부음 동정·인사 인터뷰 오피니언 사설 오늘의 칼럼 기자·데스크 논설위원칼럼 전문가칼럼 외부칼럼 기고·독자 월드 이슈 비즈 일반 금융·증권 보험 재테크 부동산 IT / 과학 산업·기업 자동차 쇼핑·유통 취업·창업 연예 일반 스타 TV·방송 영화 대중음악 해외연예 스포츠 일반 야구 축구 농구 배구 골프 포토 핫갤러리 렌즈로보는세상 포토에세이 영상 부가서비스 환경 드론 inno북스 오늘의 운세 해커스톡 파고다 강남 시사일본어 시사중국어 mPaper RSS 뉴스 정치 일반 대통령실 국회ㆍ정당 선거ㆍ선관위 외교ㆍ안보 국방 북한ㆍ통일 사회 일반 검찰·법원 노동·복지 환경·날씨 교통·항공 교육·학교 사건 해외 국제 일반 미국·캐나다 중국 일본 아태 유럽 중동·아프리카 특파원 러시아 중남미 문화 일반 미디어 종교·학술 공연 미술 건강 레저 문학 음식 위크엔드 패션·뷰티 결혼·육아 전국 일반 서울 경기 강원 충청 영남 호남 제주 피플 일반 부음 동정·인사 인터뷰 오피니언 사설 오늘의 칼럼 기자·데스크 논설위원칼럼 전문가칼럼 외부칼럼 기고·독자 월드 이슈 비즈 일반 금융·증권 보험 재테크 부동산 IT / 과학 산업
https://www.mk.co.kr/article/11277237,"“원리금 갚다 허리 휘겠네”…부동산 대출 ‘2682조원’, 절반이 가계대출 - 매일경제 댓글 2 댓글 새로고침 나의 댓글 댓글정책 공감순 최신순 오래된순 뉴스 바로가기 주가 정보 코스피 2,557.98 -1.89% 2025-03-28 18:05:40 코스닥 693.76 -1.94% 코스피200 342.96 -2.08% 미국 USD 1,471.00 0.34% 비트코인 123,285,000 -3% 이더리움 2,775,000 -1.8% 리플 3,168 -4.03% 코스피 2,557.98 -1.89% 2025-03-28 18:05:40 코스닥 693.76 -1.94% 코스피200 342.96 -2.08% 미국 USD 1,471.00 0.34% 비트코인 123,285,000 -3% 이더리움 2,775,000 -1.8% 리플 3,168 -4.03% 코스피 2,557.98 -1.89% 2025-03-28 18:05:40 코스닥 693.76 -1.94% 코스피200 342.96 -2.08% 미국 USD 1,471.00 0.34% 비트코인 123,285,000 -3% 이더리움 2,775,000 -1.8% 리플 3,168 -4.03% 매일 경제 뉴스 MK위클리연재 스타투데이 마켓 부동산 교육 AI 로그인 회원가입 로그아웃 마이페이지 ENG JPN CHN 전체메뉴 뉴스홈 경제 기업 사회 국제 부동산 증권 정치 IT·과학 문화 오피니언 스포츠 기획·연재 Special Edition 인기뉴스 뉴스 오피니언 기획연재 스페셜에디션 스타투데이 스포츠 매경게임진 Pulse MK China MK빌리어드뉴스 미라클아이 MK ESG 프리미엄 MK위클리연재 매경e신문 레이더M 오늘의 매경 뉴스레터 AI 오디오 뉴스 매경엠플러스 MK YouTube 핵심 요약쏙 재테크 마켓 부동산 시사 경제 용어 신설법인 라이프 골프 Book 여행 M플레이 Car AGL해외골프 MK 장례 MK 운세 와글와글팝업 비즈니스 The Biz Times 닛케이텔레콤 KDX한국데이터거래소 모바일 쿠폰 MK Frame 미라클랩 "
http://www.edaily.co.kr/news/newspath.asp?newsid=04004886642107584,"토허제 실책 수습 나선 서울시, 부동산 정책 조직 개편한다 닫기 실시간뉴스 ""김복형·정형식·조한창, 을사오적 되지 마시라""…박찬대의 호소 창원NC파크 구조물 추락으로 3명 부상…30일 NC·창원 경기 취소 추위 속 탄핵촉구 집회 ""민심 한계""...대국본 맞불 집회도 제1165회 로또 1등 13명…당첨금 1인당 21억 9248만원(종합) 제1165회 로또 1등 ‘6, 7, 27, 29, 38, 45’…보너스 ‘17’ '야구보러 갔다 날벼락' 구장 구조물 추락에 자매 중경상 잔불 여전…경북 북부 헬기 55대 투입해 진화 작업 한중 상무장관 회의…“상호 호혜적 협력 계속” 권성동 ""이재명 등 내란선동 고발""…민주 ""목적어 헷갈렸냐""(종합) 과기정통부 ""산불 피해 이동통신 기지국 86.1% 복구"" ""김복형·정형식·조한창, 을사오적 되지 마시라""…박찬대의 호소 창원NC파크 구조물 추락으로 3명 부상…30일 NC·창원 경기 취소 구독 지면 My 초판 로그인 로그아웃 NAVER FACEBOOK TWITTER YOUTUBE RSS EMAIL 이데일리 이데일리 2025년 03월 29일 토요일 실시간뉴스 ""김복형·정형식·조한창, 을사오적 되지 마시라""…박찬대의 호소 창원NC파크 구조물 추락으로 3명 부상…30일 NC·창원 경기 취소 추위 속 탄핵촉구 집회 ""민심 한계""...대국본 맞불 집회도 제1165회 로또 1등 13명…당첨금 1인당 21억 9248만원(종합) 제1165회 로또 1등 ‘6, 7, 27, 29, 38, 45’…보너스 ‘17’ '야구보러 갔다 날벼락' 구장 구조물 추락에 자매 중경상 잔불 여전…경북 북부 헬기 55대 투입해 진화 작업 한중 상무장관 회의…“상호 호혜적 협력 계속” 권성동 ""이재명 등 내란선동 고발""…민주 ""목적어 헷갈렸냐""(종합) 과기정통부 ""산불 피해 이동통신 기지국 86.1% 복구"" ""김복형·정형식·조한창, 을사오적 되지 마시라""…박찬대의 호소 창원NC파크 구조물 추락으로 3명 부상…30일 NC·창원 경기 취소 구독 지면 My 초판 로그인 로그"
https://www.news1.kr/finance/general-finance/5735244,"우리금융, 부동산PF 시장 안정화 지원…총 4개 펀드 2000억 출자 - 뉴스1 산불 사상자 75명으로 늘어…경남 산청·하동 진화율 99% '독수리5형제' 최대철 파경에 손 내민 엄지원…""본가에서 같이 살아요""(종합) 프로야구 LG, 구단 최다 개막 7연승…한화는 연이틀 KIA에 역전승(종합) 수지, 꽃을 든 꽃…절정의 여신 미모 [N샷] 경북 달려간 김동연, 산불 피해 이재민 위로…배식 봉사도 '독수리5형제' 엄지원, 한수연과 몸싸움 후 경찰에 체포…""콩밥 먹겠다"" 이번주 로또 1등 13명, 21.9억씩…자동선택 명당 10곳 어디? 에어프랑스 여객기, 이륙 1시간 만에 회항…이유는 승객 휴대폰 분실 조보아, 이동욱 '이혼보험' 특별 출연…인자한 스님 변신 '깜짝' 산불 사상자 75명으로 늘어…경남 산청·하동 진화율 99% '독수리5형제' 최대철 파경에 손 내민 엄지원…""본가에서 같이 살아요""(종합) 프로야구 LG, 구단 최다 개막 7연승…한화는 연이틀 KIA에 역전승(종합) 수지, 꽃을 든 꽃…절정의 여신 미모 [N샷] 경북 달려간 김동연, 산불 피해 이재민 위로…배식 봉사도 '독수리5형제' 엄지원, 한수연과 몸싸움 후 경찰에 체포…""콩밥 먹겠다"" 이번주 로또 1등 13명, 21.9억씩…자동선택 명당 10곳 어디? 에어프랑스 여객기, 이륙 1시간 만에 회항…이유는 승객 휴대폰 분실 조보아, 이동욱 '이혼보험' 특별 출연…인자한 스님 변신 '깜짝' 2025.3.29 (토) English 해피펫 | 노동신문 | 제보 | 커넥트 제주 4 ℃ 서울 0 ℃ 부산 5 ℃ 대구 4 ℃ 인천 2 ℃ 광주 2 ℃ 대전 2 ℃ 울산 4 ℃ 강릉 1 ℃ 제주 4 ℃ 서울 0 ℃ 부산 5 ℃ 대구 4 ℃ 인천 2 ℃ 광주 2 ℃ 대전 2 ℃ 울산 4 ℃ 강릉 1 ℃ 제주 4 ℃ 정치 북한 사회 경제 ITㆍ과학 바이오 부동산 금융ㆍ증권 산업 전국 국제 생활ㆍ문화 연예 스포츠 포토 TV 제휴사 정치 북한 사회 경제 ITㆍ과학 바이오 부동산 금융ㆍ증권 산업 전국 국제 생활ㆍ문화 연예 "
https://www.hankyung.com/article/2025032716497,"누구는 자가로, 누구는 월세로…사회 초년생 부동산도 양극화? | 한국경제 본문 바로가기 한경코리아마켓 한경글로벌마켓 집코노미 오피니언 경제 금융 산업 유통 IT 국제 프리미엄 마켓인사이트 한경Law&Biz 한경 BIO Insight 한경CHO Insight 한경ESG 한경Geeks 입법 익스플로러 아르떼 한경만의 독자적인 프리미엄 콘텐츠입니다. 더보기 정치 사회 문화 골프 연예 스포츠 회원전용 전체뉴스 한경트래블 뉴스레터 스페셜 리포트 The Moneyist The Lifeist 한경동영상 기자 코너 POLL 랭킹뉴스 인사·부고 보도자료 데이터센터 한경용어사전 한경행사 스타워즈 한경유레카 한경운세 PR Newswire 신문 전자판 신문 구독신청 한경스토어 한경렌탈 한경미디어 한국경제TV KED Global 한국경제매거진 한경에이셀 한경 arte TV 한경 arte 필하모닉 BOOK 한경아카데미 한경블루애드 생글생글 주니어 생글생글 TESAT 29초영화제 교육센터 블루밍비트 키즈맘 포천힐스 빠른 메뉴 찾기 검색어 삭제 자동완성창 닫기 통합검색 한국경제 통합검색 검색어 삭제 검색 검색창 닫기 로그인 회원가입 로그인 한국경제 회원이 되어 보세요 지금 바로 한국경제 회원으로 가입하시고, 독점 혜택을 누려보세요 특별한 뉴스와 분석 보고서 접근 주식 시장 및 경제 동향에 대한 최신 정보 한경만의 독자적인 콘텐츠에 대한 접근 이벤트 및 세미나 참가 기회 이미 회원이시면 로그인 을 클릭해 주세요 고객센터 회원 메뉴 닫기 ALICE! 한경 AI 검색 1등 투자 데이터 한경Aicel ALICE! 한경 AI 검색 1등 투자 데이터 한경Aicel ALICE! 한경 AI 검색 1등 투자 데이터 한경Aicel ALICE! 한경 AI 검색 집코노미 전체뉴스 집 PRO 시장동향 정책·산업 분양·경매 투자상품 핫!부동산 동네뉴스맵 주민센터 밸류업센터 매물정보 국내 부동산 글로벌 부동산 신문 매물마당 매물관리센터 ADVERTISEMENT 누구는 자가로, 누구는 월세로…사회 초년생 부동산도 양"
https://www.moneys.co.kr/article/2025032809063671159,"오세훈, 정책 실책 만회 나서… 시장 분석 전담 조직 설치 - 머니S 코스피 2557.98 49.17 03/29 22:22 코스닥 693.76 13.73 03/29 22:22 원달러 1469.90 5.2 03/29 22:22 두바이유 75.88 1.08 03/29 22:22 금 3114.30 23.4 03/29 22:22 실시간이슈 금융 산업 유통 부동산 증권 전국 경기 부산/경남 호남 대구/경북 인천 기타 오피니언ㆍ연재 오피니언 연재 피플 C라운지 이사람 인터뷰 인사 부고 연예ㆍ스포츠 연예 스포츠 오세훈, 정책 실책 만회 나서… 시장 분석 전담 조직 설치 토지거래허가구역 논란 후폭풍… ""정교한 부동산 정책 펼칠 것"" 이화랑 기자 1,037 2025.03.28 | 09:36:52 공유하기 카카오 카카오 나에게 페이스북 트위터 네이버 텔레그램 링크 복사 상단 댓글 버튼 ··· 카카오톡 카카오톡나에게 페이스북 트위터 네이버카페블로그 텔레그램 링크복사 서울시가 시장 동향 분석을 위해 부동산 전담 조직을 확대 개편한다. 사진은 오세훈 서울시장이 지난 19일 오전 서울 종로구 정부서울청사에서 열린 주택시장 안정화 방안 브리핑에서 발언하는 모습. /사진=뉴시스 토지거래허가구역 확대 재지정 여파로 뭇매를 맞은 서울시가 부동산 정책과 시장 동향을 분석하는 전담 조직을 신설한다. 서울시는 27일 공식 입장을 통해 ""토지거래허가구역 지정·해제와 같이 시민의 삶과 경제에 상당한 영향을 미칠 수 있는 부동산 정책 추진 시 사전 검증 체계를 강화한다""며 ""관련 조직의 전문성 보강을 주요 내용으로 하는 개선 대책을 수립 중""이라고 밝혔다. 시장 동향 분석 전담 조직은 주택실 산하 주택정책지원센터(4급)를 확대 개편하는 방안이 유력 거론된다. 해당 조직은 향후 부동산 시장과 거시 경제지표를 심층 분석하고 서울시의 부동산 정책추진과 관련된 결정을 지원한다. 조직 개편의 경우 조례 개정 사항으로 서울시의회를 통과해야 한다. 신선종 서울시 대변인은 ""그동안 서울시의 주택사업을 담당하는 인력들"
http://news.mt.co.kr/mtview.php?no=2025032716355378557,"서울은 누르고 지방은 띄우고…혼돈의 부동산 시장[부릿지] - 머니투데이 본문영역 바로가기 로그인 머니투데이 전체 뉴스 경제정책 증권 정치 부동산 국제경제 사회 산업 IT 금융 벤처·스타트업 블록체인 문화 포토 포토 더차트 더그래픽 영상 MT 영상 더영상 전체기사 증권 뉴스 시세/공시 코스피 코스닥 코넥스 상승/하락 상하한가 시가총액 거래량상위 신규상장 주요공시 포인트&전략 펀드 펀드IR 국내펀드 해외펀드 유형종합 종목대해부 베스트리포트 MY스톡 정치 법률 유니콘팩토리 헬스·바이오 최신기사 칼럼 데스크칼럼 사내칼럼 현장리포트 사외칼럼 SUCCESS 연예 연예 스포츠 이슈 핫이슈 전체핫이슈 이슈키워드 뉴스 속 오늘 연중기획 실시간급상승 베스트클릭 사람& 피플 MT초대석 인터뷰 대표선배 인사 부고 MT리포트 뉴스 경제정책 증권 정치 부동산 국제경제 사회 산업 IT 금융 벤처·스타트업 블록체인 문화 포토 영상 전체기사 증권 뉴스 시세/공시 포인트&전략 펀드 종목대해부 베스트리포트 MY스톡 헬스·바이오 최신기사 칼럼 데스크칼럼 사내칼럼 현장리포트 사외칼럼 SUCCESS 연예 연예 스포츠 이슈 핫이슈 실시간급상승 베스트클릭 사람& MT리포트 VIP VIP Only VIP Story T.O.M 투자디렉터 런치리포트 the L ICT & Tech Culture FULL TEXT 초판 / e-신문보기 서비스 신청 정치 벤처·스타트업 기술·트렌드·혁신 법률 패션·연예 국제시사·문예 매거진 전체보기 닫기 속보 ""산은 탔지만 희망은 타지 않았다""…차인표·신애라, 1억 기부 인천 원적산에서도 산불…28분 만에 진화 강남 수서동 아파트서 부인 살해…60대 남성 현행범 체포 이수근, 녹화 중 이상민에게 뒷통수 맞아…""요즘 누구 만나나"" 프랑스 항공기, 이륙 1시간 만에 회항…""승객 분실 휴대폰 찾으려"" 경남 산청·하동 진화율 99%…경북 지역 잔불 정리 중 1165회 로또 당첨번호 ""6, 7, 27, 29, 38, 45""…21억씩 받는다 미얀마 강진에 태국도 흔들…1000㎞나 떨어진 건"
http://www.fnnews.com/news/202503281432139879,"100억 한 채는 괜찮고...""너무 억울하다"" 40년간 변하지 않은 이것 [부동산 아토즈] - 파이낸셜뉴스 파이낸셜뉴스> 전체메뉴 검색 구독신청 Family Site 금융·증권 금융 증권 부동산 정책 건설 철도·항공 ·선박 부동산 일반 산업·IT 산업 통신·방송 게임 인터넷 블록체인 의학·과학 경제 경제 일반 생활 경제 정치 대통령실 국회·정당 북한 외교·국방 사회 사건·사고 검찰·법원 행정·지자체 교육 전국 국제 국제 경제 국제 정치 국제 사회 라이프 연예 패션/뷰티 스포츠 푸드·리빙 레저·문화 오피니언 사설/칼럼 사외 칼럼 기획·연재 fn파인더 fn시리즈 핫이슈+ fnEdition 포토 뉴스레터 기자ON fn영상 신문보기 fnSurvey 닫기 회사소개 광고문의 제휴문의 개인정보취급방침 저작권규약 이메일주소무단수집거부 구독신청 고충처리 검색 닫기 공유하기 공유 카카오톡 페이스북 트위터 네이버블로그 주소복사 네이버 구독 구독 다음 구독독 구독 부동산 부동산일반 100억 한 채는 괜찮고...""너무 억울하다"" 40년간 변하지 않은 이것 [부동산 아토즈] 이종배 기자 파이낸셜뉴스 입력 2025.03.29 15:00 수정 2025.03.29 15:38 확대 축소 출력 서울 아파트 전경. 사진=연합뉴스 [파이낸셜뉴스] 다주택자는 주택 수 기준으로 2주택 이상 보유자를 말한다. 부동산 가격 상승 주범이자 '죄인'으로 분류되기도 한다. 취득세·종부세는 물론 양도세가 중과세 되는 것이 대표적인 예이다. 2주택 이상을 다주택자로 보는 기준은 벌써 40여년째 이어져 오고 있다. ""세금 더 내라""...다주택자 투기 주범? 현행 세법을 보면 지역 구분 없이 2주택 이상을 소유하면 세금이 중과세 된다. 1주택자는 1~3%의 취득세 세율이 적용된다. 반면 다주택자 및 법인은 취득가액의 최대 12%를 세금으로 내야 한다. 특히 3주택자의 경우 최저 취득세 세율이 8%에 이른다. 종부세도 다주택자는 부담이 만만치 않다. 3주택부터 중과세 되면서 일반세율(0.5∼2.7%)보다 높은 최대 5"
https://www.mk.co.kr/article/11271595,"“이제 떨어진다던 집값, 이게 무슨 일”...더 강하게 돌아온 부동산 규제, 효과는 글쎄 [부동산 이기자] - 매일경제 댓글 2 댓글 새로고침 나의 댓글 댓글정책 공감순 최신순 오래된순 뉴스 바로가기 주가 정보 코스피 2,557.98 -1.89% 2025-03-28 18:05:40 코스닥 693.76 -1.94% 코스피200 342.96 -2.08% 미국 USD 1,471.00 0.34% 비트코인 123,297,000 -3.02% 이더리움 2,776,000 -1.87% 리플 3,168 -4.23% 코스피 2,557.98 -1.89% 2025-03-28 18:05:40 코스닥 693.76 -1.94% 코스피200 342.96 -2.08% 미국 USD 1,471.00 0.34% 비트코인 123,297,000 -3.02% 이더리움 2,776,000 -1.87% 리플 3,168 -4.23% 코스피 2,557.98 -1.89% 2025-03-28 18:05:40 코스닥 693.76 -1.94% 코스피200 342.96 -2.08% 미국 USD 1,471.00 0.34% 비트코인 123,297,000 -3.02% 이더리움 2,776,000 -1.87% 리플 3,168 -4.23% 매일 경제 뉴스 MK위클리연재 스타투데이 마켓 부동산 교육 AI 로그인 회원가입 로그아웃 마이페이지 ENG JPN CHN 전체메뉴 뉴스홈 경제 기업 사회 국제 부동산 증권 정치 IT·과학 문화 오피니언 스포츠 기획·연재 Special Edition 인기뉴스 뉴스 오피니언 기획연재 스페셜에디션 스타투데이 스포츠 매경게임진 Pulse MK China MK빌리어드뉴스 미라클아이 MK ESG 프리미엄 MK위클리연재 매경e신문 레이더M 오늘의 매경 뉴스레터 AI 오디오 뉴스 매경엠플러스 MK YouTube 핵심 요약쏙 재테크 마켓 부동산 시사 경제 용어 신설법인 라이프 골프 Book 여행 M플레이 Car AGL해외골프 MK 장례 MK 운세 와글와글팝업 비즈니스 The Biz Times 닛케이텔레콤 KDX"
https://www.munhwa.com/news/view.html?no=2025032801070105238001,"[단독] 부동산 직거래 줄었지만 허위매물은 2년새 43% 급증 :: 문화일보 munhwa 2025년 3월 29일 토요일 최신뉴스 기획·시리즈 기자페이지 모바일 Web 뉴스스탠드 네이버채널 다음 My뉴스 회원가입 로그인 문화일보 경제 [단독] 부동산 직거래 줄었지만 허위매물은 2년새 43% 급증 검색 전체메뉴 오피니언 사설 시론 시평 포럼 뉴스와 시각 살며 생각하며 오후여담 문화논단 기고 살며생각하며 여론마당 정치 정치일반 대통령실 국회·정당 선거 행정 외교 국방 북한·통일 경제 경제일반 재정·재무 금융 증권·주식 부동산 무역·통상 산업·기업 유통·생활 취업·창업 IT 과학 모빌리티 국제경제 사회 사회일반 사건·사고 교육·청소년 환경 법원·검찰 보건·의료·식품 노동·복지 전국 문화 문화일반 도서·출판·학술 전시 문화재 종교 여행 스타일·패션 생활·요리 의학·건강 국제 국제일반 아시아 유럽 북미·중남미 중동 오세아니아 아프리카 스포츠 스포츠일반 골프 야구 축구 농구 배구 올림픽 경마 기타종목 e스포츠 연예 연예일반 가요·팝 영화 방송·연예 만화·게임 피플 인물일반 국내인물 국외인물 인사 동정 부음 멀티미디어 문화일보 채널 금주머니 TV 문화부 채널 페이스북 트위터 카카오톡 인스타그램 기사찾기 기사 검색 최신 뉴스 날짜별 기사 보기 기획·시리즈 에디터의 추천 깊이 있는 연재 사람 이야기 고정물 기획물 특집물 지면보기 PDF 구독형 뉴스 뉴스스탠드 네이버 채널 다음 My뉴스 기자페이지 업데이트순 전체 이름순 부서별 리스트 이상인 아들, 母 눈찌르고 제작진 때려…오은영 눈물 왜? 美 유명 래퍼도 반한 한국의 ‘이것’…“완전히 깨어있는 느낌” 극찬 3500만 구독자 ‘중국 쯔양’ 알고 보니 여장남자 마취 깨고 영어로만 말하는 아들…외국어 증후군 무엇? “어린이용품 구매, 이곳에선 안돼”…서울시 41종 안전 검사 결과 보니 암스테르담 도심 한복판서 칼부림…5명 부상 ‘강경투쟁’ 고집하던 의대협… SKY 이탈하자 분열 경제 부동산 [단독] 부동산 직거래 줄었지만 허위매물은 "
http://www.whitepaper.co.kr/news/articleView.html?idxno=244747,"우리금융, 부동산 PF시장 안정화 적극 지원 - 화이트페이퍼 × 전체기사 종합 전체 국제 정치 교육 빅데이터 WP포토 경제 전체 경제일반 IT 생활경제 산업 부동산 아이엠리치 Money 전체 금융 증권 보험 부동산 소비•재테크 정책 이슈 사회/문화 전체 문화∙일반 라이프 책도시락 전체 책속의 지식·명문장 성공·아이디어 책속에 이런일이? 책속의 포스트잇 책속의 퀴즈 출판계 소식 삶의 향기 북데일리 전체 문학 인문·과학 경제경영 청소년 육아 여행 취미 레저 에세이 자기계발 추천! 이 책 북밴 글쓰기훈련소 출판계 소식 인터뷰 명사추천 이달의 책 올해의 책 베스트셀러랭킹 여론광장 전체 논쟁 더 칼럼 블로그 스토리 북콘서트 글쓰기훈련소 전체 글쓰기정보 연예 기타 전체 북토마토 CEO 직장인 여성/학부모 대학생 기업PR 라이프 전체 방송/연예 사회/일반 정치/경제 스포츠 UPDATED. 2025-03-29 22:22 (토) 로그인 회원가입 모바일웹 전체 종합 국제 정치 교육 빅데이터 WP포토 경제 경제일반 IT 생활경제 산업 부동산 아이엠리치 Money 금융 증권 보험 부동산 소비•재테크 정책 이슈 사회/문화 문화∙일반 책도시락 책속의 지식·명문장 성공·아이디어 책속에 이런일이? 책속의 포스트잇 책속의 퀴즈 출판계 소식 삶의 향기 북데일리 문학 인문·과학 경제경영 청소년 육아 여행 취미 레저 에세이 자기계발 추천! 이 책 북밴 글쓰기훈련소 출판계 소식 인터뷰 명사추천 이달의 책 여론광장 논쟁 더 칼럼 블로그 스토리 자유게시판 공지사항 기업PR 라이프 방송/연예 사회/일반 정치/경제 스포츠 검색버튼 기사검색 검색 이전 다음 우리금융, 부동산 PF시장 안정화 적극 지원 기사공유하기 프린트 메일보내기 글씨키우기 가나다라마바사 가나다라마바사 가나다라마바사 가나다라마바사 가나다라마바사 가나다라마바사 HOME Money 금융 우리금융, 부동산 PF시장 안정화 적극 지원 고수아 기자 승인 2025.03.29 19:44 댓글 
						0 기사공유하기 프린트 메일보내기 글씨키우기 가"
https://biz.heraldcorp.com/article/10452840?ref=naver,"삼성 이재용·SK 곽노정, 시진핑 만났다…中 외국기업 정책 청취 - 헤럴드경제 뉴스 경제·금융 증권 부동산 산업 정치 사회 국제 중기·바이오 IT·과학 컨슈머 생활·문화 오피니언 연예 스포츠 호남취재본부 대구&경북 부산·울산·경남본부 PR Newswire 구독 HeralDeep 연재 스페셜 HeMil(밀리터리) 서울젠트리피케이션 라스트포레스트 라스트씨 인간대포통장 여론을조사하다 고객센터 공지사항 독자문의 기사제보 헤럴드 미디어그룹 코리아헤럴드 헤럴드팝 K-POP헤럴드 리얼푸드 더인베스터 헤럴드에코 헤럴드디자인 마이페이지 구독함 보관함 계정정보관리 회원전용 경제·금융 증권 부동산 산업 정치 사회 국제 중기·바이오 IT·과학 컨슈머 생활·문화 오피니언 부·울·경 삼성 이재용·SK 곽노정, 시진핑 만났다…中 외국기업 정책 청취 국제 삼성 이재용·SK 곽노정, 시진핑 만났다…中 외국기업 정책 청취 입력 2025-03-28 15:17:18 수정 2025-03-28 15:27:54 0 0 복사완료! 서경원 기자 구독 + 글로벌 CEO 면담 참석 시 주석 “中, 이상적이고 안전하며 유망한 투자처…개방 문 더 넓게 열겠다” 트럼프발 관세전쟁에 “다른 사람 길 막으면 자신의 길만 막을 뿐” 이재용(뒷줄 맨 왼쪽) 삼성전자 회장이 28일(현지시간) 중국 베이징 인민대회당에서 글로벌 기업 최고경영자(CEO)들과 함께 시진핑 중국 국가주석과의 면담에 참석하고 있다. [연합] [헤럴드경제=서경원 기자] 이재용 삼성전자 회장과 곽노정 SK하이닉스 사장이 28일 글로벌 기업 최고경영자(CEO)들과 함께 시진핑 중국 국가주석을 만났다. 이 회장과 곽 사장은 이날 오전 11시께(현지시간) 베이징 인민대회당에서 열린 시 주석과 글로벌 CEO 면담에 참석했다. ‘국제공상계 대표 회견’으로 이름 붙여진 이날 면담에는 이 회장, 곽 사장을 비롯해 23∼24일 중국발전포럼(CDF)에 참가하러 중국에 온 글로벌 기업 CEO 30여명이 참석했다. 로이터와 블룸버그, AFP 통신 등에 따르면 주요 참석 "
http://news.mt.co.kr/mtview.php?no=2025032706585827816,"황건일 금통위원 ""부동산이 통화정책 제약 않아야…정책공조 필요"" - 머니투데이 본문영역 바로가기 로그인 머니투데이 전체 뉴스 경제정책 증권 정치 부동산 국제경제 사회 산업 IT 금융 벤처·스타트업 블록체인 문화 포토 포토 더차트 더그래픽 영상 MT 영상 더영상 전체기사 증권 뉴스 시세/공시 코스피 코스닥 코넥스 상승/하락 상하한가 시가총액 거래량상위 신규상장 주요공시 포인트&전략 펀드 펀드IR 국내펀드 해외펀드 유형종합 종목대해부 베스트리포트 MY스톡 정치 법률 유니콘팩토리 헬스·바이오 최신기사 칼럼 데스크칼럼 사내칼럼 현장리포트 사외칼럼 SUCCESS 연예 연예 스포츠 이슈 핫이슈 전체핫이슈 이슈키워드 뉴스 속 오늘 연중기획 실시간급상승 베스트클릭 사람& 피플 MT초대석 인터뷰 대표선배 인사 부고 MT리포트 뉴스 경제정책 증권 정치 부동산 국제경제 사회 산업 IT 금융 벤처·스타트업 블록체인 문화 포토 영상 전체기사 증권 뉴스 시세/공시 포인트&전략 펀드 종목대해부 베스트리포트 MY스톡 헬스·바이오 최신기사 칼럼 데스크칼럼 사내칼럼 현장리포트 사외칼럼 SUCCESS 연예 연예 스포츠 이슈 핫이슈 실시간급상승 베스트클릭 사람& MT리포트 VIP VIP Only VIP Story T.O.M 투자디렉터 런치리포트 the L ICT & Tech Culture FULL TEXT 초판 / e-신문보기 서비스 신청 정치 벤처·스타트업 기술·트렌드·혁신 법률 패션·연예 국제시사·문예 매거진 전체보기 닫기 속보 ""산은 탔지만 희망은 타지 않았다""…차인표·신애라, 1억 기부 인천 원적산에서도 산불…28분 만에 진화 강남 수서동 아파트서 부인 살해…60대 남성 현행범 체포 이수근, 녹화 중 이상민에게 뒷통수 맞아…""요즘 누구 만나나"" 프랑스 항공기, 이륙 1시간 만에 회항…""승객 분실 휴대폰 찾으려"" 경남 산청·하동 진화율 99%…경북 지역 잔불 정리 중 1165회 로또 당첨번호 ""6, 7, 27, 29, 38, 45""…21억씩 받는다 미얀마 강진에 태국도 흔들…1000㎞나 떨"
https://biz.heraldcorp.com/article/10452787?ref=naver,"“억울한 빌라 주인들 구제”…서울시, 신통 현금청산자 140가구 분양권 받게 해줘[부동산360] - 헤럴드경제 뉴스 경제·금융 증권 부동산 산업 정치 사회 국제 중기·바이오 IT·과학 컨슈머 생활·문화 오피니언 연예 스포츠 호남취재본부 대구&경북 부산·울산·경남본부 PR Newswire 구독 HeralDeep 연재 스페셜 HeMil(밀리터리) 서울젠트리피케이션 라스트포레스트 라스트씨 인간대포통장 여론을조사하다 고객센터 공지사항 독자문의 기사제보 헤럴드 미디어그룹 코리아헤럴드 헤럴드팝 K-POP헤럴드 리얼푸드 더인베스터 헤럴드에코 헤럴드디자인 마이페이지 구독함 보관함 계정정보관리 회원전용 경제·금융 증권 부동산 산업 정치 사회 국제 중기·바이오 IT·과학 컨슈머 생활·문화 오피니언 부·울·경 “억울한 빌라 주인들 구제”…서울시, 신통 현금청산자 140가구 분양권 받게 해줘[부동산360] 부동산 “억울한 빌라 주인들 구제”…서울시, 신통 현금청산자 140가구 분양권 받게 해줘[부동산360] 입력 2025-03-28 14:26:13 0 0 복사완료! 서영상 기자 구독 + 정비사업 정책 자문위원회의 열어 권리산정기준일 조정 동작구·중랑구·강북구 빌라 10개동 대상 다른 자치구들도 권리산정일 조정 신청 나설 듯 서울 빌라촌 모습.  이상섭 기자 [헤럴드경제=서영상 기자]서울시가 신속통합기획 추진 과정에서 현금청산을 당해 피해를 입은 빌라 수분양자들과 건축주들을 구제해 주기로 했다. 이번 서울시의 결정을 계기로 아직 시에 피해자 구제를 접수하지 않은 다른 자치구들도 억울한 빌라 주인들을 돕는데 속도를 낼 것으로 보인다. 28일 서울시와 구청들에 따르면 시는 지난 19일 정비사업 정책 자문위원회의를 열고 동작구·중랑구·강북구 내에서 신통기획 선정 과정에서 현금청산을 받기로 한 빌라들에 권리산정기준일을 조정해주기로 결정했다. 권리산정 기준일을 건축물 사용승인일로 조정해 건축물 분양 권리를 보장했다는 것이다. ▷중랑구 면목 7구역 ▷상봉13구역 ▷면목5동 172-1 일대 ▷동"
https://www.mediapen.com/news/view/1001615,"'토허제 논란' 수습한 서울시, 부동산 조직 확대 개편 추진 검색 2025-03-29 토요일 홈 경제 경제일반 금융 증권 산업 자동차/항공 조선/철강 화학/에너지 제약/바이오 중기 전자 게임 유통 부동산 칼럼 정치 사회 연예 최신 영화 연예 스포츠 스포츠종합 축구 야구 골프 여행 문화 '토허제 논란' 수습한 서울시, 부동산 조직 확대 개편 추진 2025-03-27 15:23:20 | 조성준 기자  |  abc@mediapen.com 페이스북 트위터 카카오톡 프린트 가 + 가 - [미디어펜=조성준 기자]한 달여 만에 토지거래허가구역을 재지정한 서울시가 부동산 조직을 확대 개편키로 했다. ▲ 오세훈 서울시장./사진=서울시 신선종 서울시 대변인은 27일 성명을 내고 ""토지거래허가구역 지정·해제와 같이 시민의 삶과 경제에 상당한 영향을 미칠 수 있는 부동산 정책 추진 시 사전 검증 체계를 강화한다""며 ""관련 조직의 전문성 보강을 주요 내용으로 하는 개선 대책을 수립 중""이라고 밝혔다. 앞서 오세훈 서울시장 측근인 이종현 민생소통특보와 박형수 정책특보는 토지거래허가구역 해제와 번복에 대한 책임을 자처하며 사의를 표명했지만 보류됐다. 오 시장은 ""앞으로 토지거래허가구역을 포함한 주요 부동산 정책추진 시 주택시장과 거시경제 동향을 체계적으로 분석해 정확한 판단과 예측으로 시민경제와 일상을 좀 더 정교하게 지키겠다""고 밝혔다. 시는 기존 조직을 부동산 정책과 시장 동향을 분석하는 전담조직으로 확대 개편한다는 방침이다. 전담조직은 향후 부동산시장과 거시 경제지표를 심층적으로 분석하고, 시의 부동산 정책추진과 관련된 결정을 지원한다. 시장 동향 분석 전담 조직은 주택실 산하 주택정책지원센터(4급)를 3급 이상의 '국' 단위로 확대 개편하는 방안이 검토 중인 것으로 알려졌다. 신 대변인은 ""그동안 서울시의 주택사업을 담당하는 인력들은 대부분 주택 공급에 초점을 맞춰 시장 반응 등 수요 측면을 면밀하게 살피는 데는 다소 부족한 면이 있었던 것이 사실""이라며 ""이러한 체계를 보완하기"
http://www.areyou.co.kr/news/articleView.html?idxno=88295,"[아유경제_부동산] 서울시 “부동산 정책 조직 개선 착수” - AU경제 시작페이지 즐겨찾기 추가 UPDATE : 2025.3.28 금 17:58 처음으로 로그인 회원가입 line icon 전체 뉴스 사회·문화 시민기자 보도자료 과학 국제 교육 부동산 종합 분양 정책·제도 최신판례 기획특집 전망·재테크 열린세상 재개발 조합 추진위원회 총회 현장소식 사건사고 재건축 조합 추진위원회 총회 현장소식 사건사고 정치·경제 경제뉴스 청와대 국회·정당 행정·지자체 정치일반 경제정책 업체탐방 정비업체 설계사 시공사 view 오피니언 칼럼 기자수첩 건강상식 스포츠·연예 연예 스포츠 문화 건강 기업X파일 아유TV rss search 기사검색 close 전체 icon 뉴스 icon 사회·문화 시민기자 보도자료 과학 국제 교육 부동산 icon 종합 분양 정책·제도 최신판례 기획특집 전망·재테크 열린세상 재개발 icon 조합 추진위원회 총회 현장소식 사건사고 재건축 icon 조합 추진위원회 총회 현장소식 사건사고 정치·경제 icon 경제뉴스 청와대 국회·정당 행정·지자체 정치일반 경제정책 업체탐방 icon 정비업체 설계사 시공사 view 오피니언 icon 칼럼 기자수첩 건강상식 스포츠·연예 icon 연예 스포츠 문화 건강 기업X파일 icon 아유TV icon 상단여백 이전 다음 로고 [아유경제_부동산] 서울시 “부동산 정책 조직 개선 착수” 페이스북 트위터 구글 카카오스토리 메일 HOME 부동산 정책·제도 [아유경제_부동산] 서울시 “부동산 정책 조직 개선 착수” 그동안 주택 ‘공급’에 초점을 맞춰 전담조직, 거시경제적 변수를 포함 부동산시장 종합 분석 및 예측할 것 권혜진 기자 승인 2025.03.27 15:20 글씨키우기 글씨줄이기 메일보내기 인쇄하기 페이스북 트위터 구글 카카오스토리 [아유경제=권혜진 기자] 서울시가 이달 27일 토지거래허가구역 지정 및 해제 이후 전문성 보강을 위해 부동산 정책 관련 기존 조직을 전담 조직 등으로 확대 개편한다고 밝혔다. 다음은 서울시 성명 전문"
https://www.thereport.co.kr/news/articleView.html?idxno=61222,"우리금융, 부동산 PF시장 안정화 힘쓴다···저축은행업권 공동펀드 참여 검토 < 금융 < 경제 < 기사본문 - 더리포트 주요서비스 바로가기 본문 바로가기 매체정보 바로가기 로그인 바로가기 기사검색 바로가기 전체서비스 바로가기 상단영역 로그인 회원가입 모바일웹 경제 경제종합 취업·창업 건설·부동산 금융 증시 재테크 IT·과학 IT 게임 기획 연재 와인 리포트 이웅진의 결혼 김한석의 광고 징비록 이혁제의 법률컬럼 이창호의 시사정담 유통지 현장+ 안희중의 특허전쟁 반갑다! 문화재 한반도와 세계 전체메뉴 버튼 검색하기 전체메뉴 경제 경제종합 취업·창업 건설·부동산 금융 증시 재테크 IT·과학 IT 게임 지식·과학 산업 산업종합 기업 제약·바이오 유통·서비스 전국 전국종합 광역단체·의회 기초단체·의회 광주전남 강원 문화 / 라이프 문화종합 공연·전시·출판 방송·연예·영화 라이프종합 스포츠·레저 패션·뷰티 여행·축제 시사 정치종합 대통령실·총리실 국회‧정당 행정‧자치 사회종합 사건·사고·법조 교육‧노동‧복지‧환경 더포토 더포토종합 피플 피플종합 인사 부고 동정·게시판 기획 연재 와인 리포트 이웅진의 결혼 김한석의 광고 징비록 이혁제의 법률컬럼 이창호의 시사정담 유통지 현장+ 안희중의 특허전쟁 반갑다! 문화재 이용호의 만평직썰 한반도와 세계 전체기사 검색 검색닫기 기사검색 검색 실시간 뉴스 2025-03-29 22:20 (토) 수원시의회 환경안전위, 전기차 화재 예방 2차 간담회 개최 [부고] 황세주(경기도의회 의원) 씨 모친상 [인사] 화성시 배정수 의장 ""화성시 사회복지사 여러분은 사회적 가치 실현하는 사람들"" 화성시 로컬푸드 소비자 파트너단 발대식 개최 수원시의회 환경안전위, 전기차 화재 예방 2차 간담회 개최 [부고] 황세주(경기도의회 의원) 씨 모친상 2025-03-29 21:11 [부고] 황세주(경기도의회 의원) 씨 모친상 2025-03-29 21:10 [인사] 화성시 2025-03-29 20:47 배정수 의장 ""화성시 사회복지사 여러분은 사회적 가치 실현하는 "
https://biz.newdaily.co.kr/site/data/html/2025/03/27/2025032700336.html,"'오쏘공' 집값대란에 서울시, 부동산정책 조직 손본다 … 전문성·소통↑ | Save Internet 뉴데일리 뉴데일리 2025년 3월 29일(토) VOD뉴스 최신기사 정책 산업 부동산 IT·전자 금융 증권 유통 제약·의료 전국뉴스 대구·경북 충청·세종 호남·제주 경기·인천 부산·경남 강원 뉴데일리 TV 포토 뉴스레터 글자크기 가 가 가 가 음성으로 듣기 0 공유하기 기사 공유하기 페이스북 X(트위터) 카카오 텔레그램 네이버 밴드 메일 링크복사 https://biz.newdaily.co.kr/site/data/html/2025/03/27/2025032700336.html 홈 다크모드 뉴데일리 정치·사회·일반 경제 전국뉴스 대구·경북 충청·세종 호남·제주 경기·인천 부산·경남 강원 안내 회사소개 광고문의 인재채용 기사제보 뉴데일리 VOD뉴스 최신기사 정책 산업 부동산 IT·전자 금융 증권 유통 제약·의료 TV 포토 뉴스레터 뉴데일리 검색 '오쏘공' 집값대란에 서울시, 부동산정책 조직 손본다 … 전문성·소통↑ 임정환 기자 입력 2025-03-27 16:07 수정 2025-03-27 16:10 음성으로 듣기 공유하기 기사 공유하기 페이스북 X(트위터) 카카오 텔레그램 네이버 밴드 메일 링크복사 https://biz.newdaily.co.kr/site/data/html/2025/03/27/2025032700336.html 주소가 복사되었습니다. 원하는 곳에 붙여넣기 하세요. 글자크기 가 가 가 가 음성으로 듣기 0 ""주택 공급에 초점, 시장반응 등 수요 측면 살피는 데 부족"" ""전담조직으로 확대·개편 … 세제·금융 등 거시지표 종합 분석"" ""국토부 등 관계기관과도 소통 … 인사 교류, 긴밀한 정보공유"" 오세훈 ""더 정확한 판단·예측으로 시민경제 정교하게 지키겠다"" ▲ 지난 19일 정부서울청사에서 열린 주택시장 안정화 방안 발표에 참석한 오세훈 서울시장.ⓒ연합뉴스 토지거래허가구역(토허구역) 해제와 확대 재지정 과정에서 정책 판단 미스로 홍역을 치른 서울시가 부동산정책 조"
https://biz.heraldcorp.com/article/10452403?ref=naver,"수도권, 지방 극과 극 부동산 규제… ‘힐스테이트 두정역’ 수혜 기대 - 헤럴드경제 뉴스 경제·금융 증권 부동산 산업 정치 사회 국제 중기·바이오 IT·과학 컨슈머 생활·문화 오피니언 연예 스포츠 호남취재본부 대구&경북 부산·울산·경남본부 PR Newswire 구독 HeralDeep 연재 스페셜 HeMil(밀리터리) 서울젠트리피케이션 라스트포레스트 라스트씨 인간대포통장 여론을조사하다 고객센터 공지사항 독자문의 기사제보 헤럴드 미디어그룹 코리아헤럴드 헤럴드팝 K-POP헤럴드 리얼푸드 더인베스터 헤럴드에코 헤럴드디자인 마이페이지 구독함 보관함 계정정보관리 회원전용 경제·금융 증권 부동산 산업 정치 사회 국제 중기·바이오 IT·과학 컨슈머 생활·문화 오피니언 부·울·경 수도권, 지방 극과 극 부동산 규제… ‘힐스테이트 두정역’ 수혜 기대 부동산 수도권, 지방 극과 극 부동산 규제… ‘힐스테이트 두정역’ 수혜 기대 입력 2025-03-28 10:12:00 0 0 복사완료! 정부가 수도권과 지방 간 극심한 부동산 양극화를 해소하기 위해 상반된 정책을 추진하고 있다. 수도권은 대출 규제를 강화하고, 지방은 대출 및 세제 혜택을 확대하며 주택 시장의 균형을 맞추겠다는 전략이다. 이에 따라 지방 부동산 시장에 대한 관심이 높아지는 가운데, 천안시 서북구 두정동에 위치한 ‘힐스테이트 두정역’이 주요 수혜 단지로 주목 받고 있다. 국토교통부는 지방 미분양 주택을 구입하는 무주택 실수요자에게 디딤돌 대출 금리를 0.2%p 추가 인하하는 정책을 발표했다. 디딤돌 대출은 부부 합산 연소득 6천만 원 이하, 순자산가액 4억8800만 원 이하 무주택 가구를 대상으로 하는 정책 모기지 상품이다. 이번 우대금리 적용으로 최저 1%대 금리까지 내려갈 수 있어 지방 주택 시장 활성화에 기여할 것으로 기대된다. 7월 시행 예정인 스트레스 총부채원리금상환비율(DSR) 3단계의 적용 범위와 비율에 대한 조정 가능성도 내비쳤다. 지방의 부동산 침체가 극심한 만큼 지역별 차등을 둘 수 있다는 뜻으로 해"
https://www.etoday.co.kr/news/view/2456309,"미래도시펀드 조성 정책 설명회 개최…총 12조 규모 - 이투데이 로그인 회원가입 속보창 신문/PDF 구독 RSS 부동산 시장동향 업계 정책 분양 일반 로그인 오피니언 증권·금융 부동산 기업 글로벌경제 정치·경제 사회 문화·라이프 뉴스발전소 e스튜디오 오피니언 사설 데스크 시각 마감 후 칼럼 노트북 너머 이슈n인물 증권·금융 공시 시황 시세 환율 장외/IPO 특징주 투자전략 채권/펀드 금융 일반 부동산 시장동향 업계 정책 분양 일반 기업 재계 전자/통신/IT 자동차 중화학 항공/물류 유통 의료/바이오 중기/벤처 일반 글로벌경제 국제경제 국제일반 국제시황 미국 중국 아시아 유럽/중동 정치·경제 대통령실/총리실 정책 국회/정당 국방/외교 경제 일반 사회 사건/사고 노동/취업 법조 교육 인사/동정/부음 오비추어리 일반 문화·라이프 방송/TV 영화 음악 공연/출판 스포츠 일반 뉴스발전소 이슈크래커 요즘, 이거 그래픽스 한 컷 e스튜디오 스페셜리포트 Channel 5 위너스IR클럽 날씨 이투데이 부동산 정책 미래도시펀드 조성 정책 설명회 개최…총 12조 규모 입력 2025-03-27 06:00 정용욱 기자 기자 이름을 클릭하면 더 자세한 정보를 확인할 수 있어요! 북마크 되었습니다. 마이페이지에서 확인하세요. 가장작게 작게 기본 크게 가장크게 ▲1기 신도시 재건축 관련 '미래도시 펀드' 개요.  (자료제공=국토교통부) 국토교통부와 주택도시보증공사(HUG)는 총 12조 원 규모의 미래도시펀드 조성을 위한 투자 정책 설명회를 개최한다고 27일 밝혔다. 이날 서울 콘래드호텔에서 열리는 이번 투자 정책설명회는 본격적인 미래도시펀드 투자자 모집에 앞서 노후계획도시 정책과 미래도시펀드의 구조·지원내용 등을 설명하고자 마련된 자리다. 이날 HUG와 한국금융투자협회는 미래도시펀드 조성 지원, 부동산 금융산업 활성화를 위해 업무협약(MOU)도 체결한다. 그간 정비사업에 필요한 계획비용, 운영비용, 공사비용 등 사업비용은 주민이 자체적으로 정비사업 관련 금융기관과 협의하여 조달했다. 다만"
https://www.newsis.com/view/NISX20250328_0003118229,"[올댓차이나] 홍콩 증시, 美 관세정책·이익매물에 반락 마감…H주 0.82%↓ :: 공감언론 뉴시스 :: 2025.03.29 (토) 서울 1℃ K-Artprice 프라임뉴시스 위클리뉴시스 실시간 정치 국제 경제 금융 산업 IT·바이오 사회 수도권 지방 문화 스포츠 연예 광장 포토 채널뉴시스 제휴 콘텐츠 16시간 전 > 뉴욕증시, 인플레·소비위축 우려에 급락 마감…나스닥 2.7%↓ 7시간 전 > 만달레이서 시신 발굴 잇따르며 사망자 1000명 넘어(종합3보) 8시간 전 > 미얀마 인명피해, 사망 1002명 부상 2376명으로 계속 증가(종합2보) 8시간 전 > [속보]미얀마 지진 사망 1002명 부상 2376명으로 더욱 증가…·BBC 8시간 전 > [단독]음주운전 적발된 인천 경찰 간부…""경찰 아니다"" 발뺌 의혹 9시간 전 > 미얀마 지진피해, 사망 694명 실종 68명 부상 1670명…미얀마 국가행정위(종합) 9시간 전 > 미얀마 군사정부 ""지진 사망 640명 부상 1670명으로 급증""(2보) 9시간 전 > [속보]미얀마 군사정부 ""지진 사망 694명 부상 1670명"" 10시간 전 > [속보]중대본 ""산불 사망 30명…의성 26명·산청 4명"" 12시간 전 > [속보] 경북 산불, 영양·의성서 사망자 2명 추가…총 26명 숨져 13시간 전 > [속보]중대본 ""산불 사망 29명…중상 10명·경상 31명"" 16시간 전 > 뉴욕증시, 인플레·소비위축 우려에 급락 마감…나스닥 2.7%↓ 7시간 전 > 만달레이서 시신 발굴 잇따르며 사망자 1000명 넘어(종합3보) 8시간 전 > 미얀마 인명피해, 사망 1002명 부상 2376명으로 계속 증가(종합2보) 8시간 전 > [속보]미얀마 지진 사망 1002명 부상 2376명으로 더욱 증가…·BBC 8시간 전 > [단독]음주운전 적발된 인천 경찰 간부…""경찰 아니다"" 발뺌 의혹 9시간 전 > 미얀마 지진피해, 사망 694명 실종 68명 부상 1670명…미얀마 국가행정위(종합) 9시간 전 > 미얀마 군사정부 ""지진 사망 640명 "
https://www.apnews.kr/news/articleView.html?idxno=3032956,"부동산경제포럼 ""2025 부동산 정책과 전망"" 오는 4일(금) 개최 < etc. < 기사본문 - AP신문 |  온라인뉴스미디어  에이피신문 주요서비스 바로가기 본문 바로가기 매체정보 바로가기 로그인 바로가기 기사검색 바로가기 전체서비스 바로가기 상단영역 편집 : 2025-03-29 22:00 (토) 로그인 회원가입 기사제보 기사검색 검색 AP경제 산업·재계 IT·전자 Autos & Battery MONEY 유통·생활경제 건설·부동산 게임·엔터 제약·바이오 ESG경영 MZ세대의 눈 MZ경제의 눈 MZ광고의 눈 채용·인재경영 AP광고평론 AP Award 일반기업 광고평론 금융·증권 광고평론 공기업·기타 광고평론 AD·PR·MEDIA 스타마케팅 AD동향 PR동향 미디어동향 OTT미디어 해외광고 AP스페셜 Opinion Audience Insight 엔터+ 더보기 AP경제 전체 금융 Markets IT·전자 Autos·Battery Aerospace·Defense 건설·부동산 게임·엔터 제약·바이오 유통·생활경제 에너지 산업·재계 ESG경영 AP광고평론 전체 AP Award 일반기업 광고평론 금융·증권 광고평론 공기업·기타 광고평론 AD·PR·MEDIA 전체 스타마케팅 AD동향 PR동향 미디어동향 OTT미디어 해외광고 엔터 & 문화 전체 K-culture AP스페셜 전체 Opinion Audience Insight MZ세대의 눈 전체 MZ경제의 눈 전체기사 닫기 실시간 랭킹 5 현대해상, K-ICS 규제 흐름 ‘예의주시’…자본 내실 관리 나서나 1 한 편의 라면 동화로 새로워'진'…오뚜기 새광고 2 강호동, 산불피해 현장 찾아…""피해 복구에 범농협 역량 총동원"" 3 차바이오텍, '리더십 교체'로 글로벌 역량 대폭 강화한다 4 [AP 미디어동향 3월 4주] EBS 신동호 사장 인정못해…간부들 사퇴 5 현대해상, K-ICS 규제 흐름 ‘예의주시’…자본 내실 관리 나서나 1 한 편의 라면 동화로 새로워'진'…오뚜기 새광고 더보기 본문영역 이전 기사보기 다음 기사보기 부동산"
https://www.greened.kr/news/articleView.html?idxno=324938,"우리금융그룹, 부동산 PF 시장 안정화 위한 대응방안 추진 선언 - 녹색경제신문 × 전체기사 ESG 기획 전체 [CEO 포커스] [ESG경영] [ESG 뛰는 사람들] [ESG 특별기획] [ESG 신기술] [테크&디자인] [데이터뉴스룸] 피플&리더즈 [팩트체커스] [녹경 단독] [ESG 설문] 인사이트녹경 함께하는 ESG 경제 전체 지배구조 개선 ESG 지금 해외는 사회공헌 친환경 에너지 전체 미래 모빌리티 친환경 에너지 ESG 동향 전체 ESG 트렌드 ESG 정책 ESG NGO 디지털 혁신 전체 AI&빅데이터 메타버스 뉴디바이스&소프트웨어 5G&6G 모바일 VR AR & 게임 디지털금융&핀테크 NFT & 가상화폐 로봇&스마트팩토리 우주&사이언스 오피니언 전체 데스크 ESG칼럼 기자수첩 특별기고 화제의 ESG 신간 오풍연 칼럼 경제 전체 보도자료(포털 전송) 보도자료(포털 미전송, 포털 보도자료코너) 정치 정책 재계 일반 IT가전 자동차 철강/중공업/화학/조선 항공/물류 유통&라이프 금융/증권 건설/부동산 국방&방산 중기/벤처 인사/동정 제약바이오 사회 대중문화 수동기사 과거 기획물 모음 전체 [특별기획] [CEO이야기] 동영상 [그날그후] 과학이야기 [2030 부산엑스포] UPDAT E : 2025-03-29 07:50 (토) 로그인 회원가입 전체기사보기 모바일웹 네이버포스트 ESG 기획 [ESG경영] [ESG 뛰는 사람들] [ESG 특별기획] [데이터뉴스룸] [테크&디자인] 피플&리더즈 ESG 동향 ESG트렌드 환경정책 NGO 함께하는 경제 사회공헌 지배구조 개선 지금 해외는 오피니언 데스크 ESG칼럼 기자수첩 특별기고 화제의 ESG 신간 디지털 혁신 AI&빅데이터 뉴디바이스&소프트웨어 5G&6G 모바일 VR AR & 게임 우주&사이언스 디지털금융&핀테크 블록체인&가상화폐 기사검색 검색 ESG 기획 [ESG경영] [ESG 뛰는 사람들] [ESG 특별기획] [데이터뉴스룸] [테크&디자인] 피플&리더즈 ESG 동향 ESG트렌드 환경정책 NGO 함께하는 경제 사회"
https://www.newsis.com/view/NISX20250320_0003106203,"한동훈, 오세훈 겨냥 ""우왕좌왕 부동산 정책은 국민 불안하게 해"" :: 공감언론 뉴시스 :: 2025.03.29 (토) 서울 1℃ K-Artprice 프라임뉴시스 위클리뉴시스 실시간 정치 국제 경제 금융 산업 IT·바이오 사회 수도권 지방 문화 스포츠 연예 광장 포토 채널뉴시스 제휴 콘텐츠 16시간 전 > 뉴욕증시, 인플레·소비위축 우려에 급락 마감…나스닥 2.7%↓ 7시간 전 > 만달레이서 시신 발굴 잇따르며 사망자 1000명 넘어(종합3보) 8시간 전 > 미얀마 인명피해, 사망 1002명 부상 2376명으로 계속 증가(종합2보) 8시간 전 > [속보]미얀마 지진 사망 1002명 부상 2376명으로 더욱 증가…·BBC 8시간 전 > [단독]음주운전 적발된 인천 경찰 간부…""경찰 아니다"" 발뺌 의혹 9시간 전 > 미얀마 지진피해, 사망 694명 실종 68명 부상 1670명…미얀마 국가행정위(종합) 9시간 전 > 미얀마 군사정부 ""지진 사망 640명 부상 1670명으로 급증""(2보) 9시간 전 > [속보]미얀마 군사정부 ""지진 사망 694명 부상 1670명"" 10시간 전 > [속보]중대본 ""산불 사망 30명…의성 26명·산청 4명"" 12시간 전 > [속보] 경북 산불, 영양·의성서 사망자 2명 추가…총 26명 숨져 13시간 전 > [속보]중대본 ""산불 사망 29명…중상 10명·경상 31명"" 16시간 전 > 뉴욕증시, 인플레·소비위축 우려에 급락 마감…나스닥 2.7%↓ 7시간 전 > 만달레이서 시신 발굴 잇따르며 사망자 1000명 넘어(종합3보) 8시간 전 > 미얀마 인명피해, 사망 1002명 부상 2376명으로 계속 증가(종합2보) 8시간 전 > [속보]미얀마 지진 사망 1002명 부상 2376명으로 더욱 증가…·BBC 8시간 전 > [단독]음주운전 적발된 인천 경찰 간부…""경찰 아니다"" 발뺌 의혹 9시간 전 > 미얀마 지진피해, 사망 694명 실종 68명 부상 1670명…미얀마 국가행정위(종합) 9시간 전 > 미얀마 군사정부 ""지진 사망 640명 부상 1670"
https://www.meconomynews.com/news/articleView.html?idxno=110200,[기고] 역사와 경험에 담긴 부동산 정책 성공 비법 - 시장경제 × 전체기사 경제산업 전체 기업·경제단체 생활경제 IT·전자 암호화폐 게임 자동차 건설·부동산 교통·물류 경제정책 소상공·금융 전체 정책 은행 보험ㆍ카드 증권 제2금융 소상공·시장 전체 소상공인 시대 대박집 시장에서 놀자 창업·벤처 전체 창업·벤처 뉴스 프랜차이즈 라이프 전체 문화 연예 헬스 날씨 운세 마케팅 뷰티·패션 오피니언 전체 기자수첩 칼럼 인터뷰 인사·동정·부고 알립니다 만평 기획·특집 전체 시경초대석 소소+ 애드체크 시경25시 정보공개서논평 1인시위 뷰템 시경 Pick! 줌人CEO 시사 포토·영상 카드뉴스 4차 산업혁명 메콘TV 전체 메콘뉴스 별별게임 우리동네 에이튠라이브 59초뉴스 원컷뉴스 메콘인터뷰 지역N 전체 부산·경남 마켓 빅데이터 증권 AI공시 임시 전체 연예 스타·포커스 보도자료 로그인 회원가입 뒤로 멈춤 앞으로 유투브 네이버포스트 전체서비스 전체기사 경제산업 기업·경제단체 생활경제 IT·전자 암호화폐 게임 자동차 건설·부동산 교통·물류 경제정책 소상공·금융 정책 은행 보험ㆍ카드 증권 제2금융 소상공·시장 소상공인 시대 대박집 시장에서 놀자 창업·벤처 창업·벤처 뉴스 프랜차이즈 마케팅 오피니언 현장수첩 칼럼 인터뷰 인사·동정·부고 알립니다 만평 기획·특집 데이터N 시경초대석 소소+ 애드체크 시경25시 정보공개서논평 1인시위 뷰템 뷰티·패션 포토·영상 지역N 부산·경남 경제산업 기업·경제단체 생활경제 IT·전자 암호화폐 게임 자동차 건설·부동산 교통·물류 경제정책 소상공·금융 정책 은행 보험ㆍ카드 증권 제2금융 소상공·시장 소상공인 시대 대박집 시장에서 놀자 창업·벤처 창업·벤처 뉴스 프랜차이즈 마케팅 오피니언 현장수첩 칼럼 인터뷰 인사·동정·부고 알립니다 만평 기획·특집 데이터N 시경초대석 소소+ 애드체크 시경25시 정보공개서논평 1인시위 뷰템 뷰티·패션 포토·영상 제보·문의 모바일 검색버튼 기사검색 검색 이전 다음 [기고] 역사와 경험에 담긴 부동산 정책 성공 비법 페이스북
http://www.edaily.co.kr/news/newspath.asp?newsid=03614566642107912,"한투證 “밸류업 정책 추진에 은행채·여전채 발행 수요 둔화 전망” 닫기 실시간뉴스 ""김복형·정형식·조한창, 을사오적 되지 마시라""…박찬대의 호소 창원NC파크 구조물 추락으로 3명 부상…30일 NC·창원 경기 취소 추위 속 탄핵촉구 집회 ""민심 한계""...대국본 맞불 집회도 제1165회 로또 1등 13명…당첨금 1인당 21억 9248만원(종합) 제1165회 로또 1등 ‘6, 7, 27, 29, 38, 45’…보너스 ‘17’ '야구보러 갔다 날벼락' 구장 구조물 추락에 자매 중경상 잔불 여전…경북 북부 헬기 55대 투입해 진화 작업 한중 상무장관 회의…“상호 호혜적 협력 계속” 권성동 ""이재명 등 내란선동 고발""…민주 ""목적어 헷갈렸냐""(종합) 과기정통부 ""산불 피해 이동통신 기지국 86.1% 복구"" ""김복형·정형식·조한창, 을사오적 되지 마시라""…박찬대의 호소 창원NC파크 구조물 추락으로 3명 부상…30일 NC·창원 경기 취소 구독 지면 My 초판 로그인 로그아웃 NAVER FACEBOOK TWITTER YOUTUBE RSS EMAIL 이데일리 이데일리 2025년 03월 29일 토요일 실시간뉴스 ""김복형·정형식·조한창, 을사오적 되지 마시라""…박찬대의 호소 창원NC파크 구조물 추락으로 3명 부상…30일 NC·창원 경기 취소 추위 속 탄핵촉구 집회 ""민심 한계""...대국본 맞불 집회도 제1165회 로또 1등 13명…당첨금 1인당 21억 9248만원(종합) 제1165회 로또 1등 ‘6, 7, 27, 29, 38, 45’…보너스 ‘17’ '야구보러 갔다 날벼락' 구장 구조물 추락에 자매 중경상 잔불 여전…경북 북부 헬기 55대 투입해 진화 작업 한중 상무장관 회의…“상호 호혜적 협력 계속” 권성동 ""이재명 등 내란선동 고발""…민주 ""목적어 헷갈렸냐""(종합) 과기정통부 ""산불 피해 이동통신 기지국 86.1% 복구"" ""김복형·정형식·조한창, 을사오적 되지 마시라""…박찬대의 호소 창원NC파크 구조물 추락으로 3명 부상…30일 NC·창원 경기 취소 구독 지면 My 초판 로그"
https://www.donga.com/news/Economy/article/all/20250327/131298341/2,"부동산 대출 작년 2681조… 가계 비중이 절반｜동아일보 본문으로 바로가기 검색창 닫기 궁금하신 [ 복권 눈 트럼프 행정부 이재명 산불진화 2026 북중미 월드컵 북한 빅맥 최악 산불 카페인 아시아나항공 창용찬 미얀마 산불 계엄 은하 싱크홀 정수기 국무위원 줄탄핵 의대생 윤석열 대통령 탄핵심판 망고 잠 연기 이재용 현대차그룹 6·25 소방재난본부 타이이스타젯 특혜 채용 의혹 보슬비 국채 산불 피해 중국 명일동 물 국민의힘 수면 무호흡증 허리 대치동 어른이 정몽원 오늘의 운세 더불어민주당 수소버스 마라톤 초등학교 우크라이나 전쟁 ] 키워드를 검색해 보세요. 추천 검색어는 많이 본 뉴스 기사의 키워드를 수집하여 선정하였습니다. 검색 지우기 동아일보 오피니언 정치 경제 국제 사회 문화 연예 스포츠 헬스동아 트렌드뉴스 통합검색 언어선택 방문하고자 하는 언어의 홈페이지를 선택하세요. 한국어 English 中文(簡体) 日本語 마이페이지 전체메뉴 펼치기 오피니언 사설 오늘과 내일 횡설수설 동아광장 동아시론 광화문에서 현장에서 POLL 정치 최신기사 대통령실 국회정당 북한 외교안보 행정자치 경제 최신기사 기업 CEO 부동산 금융 IT 자동차 국제 최신기사 아시아 미국/북미 유럽 중국 일본 사회 최신기사 교육 노동 사건사고 문화 최신기사 문학 건강 요리 패션 여행 PET&LIFE 연예 최신기사 방송 영화 대중음악 스포츠 최신기사 야구&MLB 축구 골프 농구 헬스동아 최신기사 오늘도 건강 의료·제약계 소식 응급실 노후, 어디서 살까 셀프 건강 진단 오늘의 콘텐츠 히어로콘텐츠 디스페셜 트렌드뉴스 실시간 뉴스 이슈 포인트 연재 포인트 뉴스레터 신청 기자 구독 지면보기 PDF서비스 동아디지털아카이브 독자라운지(구독신청) 보이스뉴스 동아방송 DBS 동아APP서비스 English 中文(簡体) 日本語 경제 부동산 대출 작년 2681조… 가계 비중이 절반 동아일보 업데이트 2025-03-28 03:00 2025년 3월 28일 03시 00분 입력 2025-03-28 03:00 2025년 3월"
